"LakeID","Year","AF"
"41",1957,34.4077549292667
"441",1959,1.09264260163706
"41",1968,36.3250533694118
"11",1969,0
"11",1970,0
"11",1971,0
"11",1972,0
"11",1973,0
"41",1973,27.0946253928668
"11",1974,0
"389",1974,21.1181826680221
"391",1974,22.9805577974592
"41",1974,26.9415181436331
"10",1975,0.676383938723939
"11",1975,0
"119",1975,57.4062905364125
"195",1975,13.2217894309912
"389",1975,0
"390",1975,0
"391",1975,6.07196648825182
"41",1975,26.5679732637114
"11",1976,0
"173",1976,22.2424403383058
"174",1976,41.1697374087822
"195",1976,17.6323917349838
"205",1976,0
"389",1976,19.1436206850013
"390",1976,31.1169495916626
"391",1976,41.812656888037
"41",1976,27.6538052721278
"47",1976,7.39055929458945
"48",1976,5.59920008631232
"49",1976,23.3632409213085
"50",1976,0.076344177849705
"MIDAS-3838",1976,0
"11",1977,1.11643916504268
"173",1977,19.1035880138632
"174",1977,28.3659298884547
"194",1977,0
"195",1977,13.29850174682
"205",1977,0
"216",1977,3.77810823582357
"389",1977,0
"390",1977,0
"391",1977,10.3583510968873
"41",1977,27.7820346089161
"47",1977,5.567974907995
"48",1977,1.86732675397521
"50",1977,0.285034131863478
"53",1977,0
"MIDAS-3838",1977,0
"MIDAS-5706",1977,38.5142096688217
"11",1978,0
"195",1978,13.8663758082373
"205",1978,0
"389",1978,0
"390",1978,0
"391",1978,9.63562397646567
"41",1978,26.7803815176304
"46",1978,0
"47",1978,3.86933285582299
"48",1978,1.28309849086793
"49",1978,24.4031535266986
"11",1979,0.357260066517792
"144",1979,47.4285994742714
"173",1979,20.3919738912305
"174",1979,40.0474137230759
"178",1979,41.9969064447564
"195",1979,22.0476568597507
"205",1979,0
"216",1979,2.67525339310932
"221",1979,15.6469833444537
"226",1979,0
"242",1979,41.3107569926139
"389",1979,0
"390",1979,1.26753584301783
"391",1979,26.9247431122061
"41",1979,29.037058222084
"47",1979,6.71228235537075
"48",1979,1.07886227512848
"50",1979,0
"MIDAS-103",1979,11.0813904682579
"MIDAS-3454",1979,14.3393305697628
"MIDAS-3838",1979,0
"MIDAS-5236",1979,31.4556616703484
"MIDAS-5290",1979,34.7611332048097
"MIDAS-5294",1979,21.106181431816
"MIDAS-5312",1979,0
"MIDAS-5408",1979,32.4847067799296
"MIDAS-5416",1979,25.6077594694389
"MIDAS-5424",1979,34.4529149572784
"MIDAS-98",1979,21.0979995814376
"MIDAS-9931",1979,28.5472604872133
"MIDAS-9961",1979,36.4001412640696
"11",1980,5.59075721069599
"144",1980,48.7695299553939
"147",1980,0.00011613302933068
"173",1980,18.7062122062775
"205",1980,1.91788600325255
"216",1980,3.28880140088954
"242",1980,34.6559476925439
"389",1980,0
"390",1980,0
"391",1980,24.111684921021
"47",1980,7.24232268672353
"48",1980,3.91429216284984
"50",1980,0.305779774285099
"53",1980,0.137400801488244
"MIDAS-3838",1980,0.157756764402434
"MIDAS-5236",1980,35.8393121581123
"MIDAS-5408",1980,36.2819098748128
"MIDAS-5416",1980,14.2389570346449
"MIDAS-9931",1980,29.2650047829058
"MIDAS-9961",1980,30.5441009470952
"11",1981,0
"147",1981,0.000661174877273837
"199",1981,50.7761225872817
"205",1981,4.65743991621289
"216",1981,2.80435537730877
"221",1981,15.0080569831714
"226",1981,2.59075797818062
"27",1981,14.4155229032779
"29",1981,0
"349",1981,66.1337348412124
"35",1981,1.36815616555011
"353",1981,25.5872287834308
"357",1981,8.47475348834849
"389",1981,0
"390",1981,0
"391",1981,18.6370402387593
"41",1981,30.6032014876688
"46",1981,5.92834216100044
"47",1981,2.40951948068844
"48",1981,0.947238480098351
"50",1981,0
"53",1981,0
"MIDAS-103",1981,9.24801788886164
"MIDAS-3838",1981,0.167830777260119
"MIDAS-5236",1981,33.425784890657
"MIDAS-5312",1981,1.19542235605377
"MIDAS-5408",1981,31.3360938737026
"MIDAS-5416",1981,33.422877568908
"MIDAS-98",1981,35.7534282769724
"MIDAS-9931",1981,28.1044157355899
"11",1982,0
"147",1982,0.00547936745336349
"173",1982,18.8250914138698
"174",1982,39.9844325208675
"205",1982,5.48850560017016
"216",1982,3.40143674002336
"225",1982,11.5844862566045
"226",1982,0
"27",1982,19.6209777655202
"316",1982,25.0171113144068
"332",1982,37.0292197033546
"337",1982,36.5595465258194
"349",1982,64.5259190704935
"35",1982,2.99478446091732
"380",1982,20.5452630267846
"389",1982,2.68195791654234
"390",1982,0
"391",1982,26.7696588822722
"47",1982,4.78210138147516
"48",1982,1.77424659864767
"50",1982,1.74788222355921
"MIDAS-3832",1982,45.0894764726086
"MIDAS-3838",1982,0
"MIDAS-5236",1982,32.07607169078
"MIDAS-5312",1982,0
"MIDAS-5416",1982,22.0016397821996
"MIDAS-98",1982,23.7831412530607
"MIDAS-9931",1982,26.6624130989516
"10",1983,1.56644357388785
"11",1983,0
"147",1983,0.000121755185242525
"174",1983,43.2782637374285
"205",1983,9.44985449138493
"27",1983,13.1775883004931
"33",1983,4.8918465146554
"344",1983,18.9136081459207
"35",1983,3.17690710068974
"389",1983,5.31882060699769
"390",1983,21.4776358858559
"391",1983,28.1308617093664
"47",1983,2.19113146879874
"48",1983,2.26582622961209
"49",1983,27.5767311202862
"50",1983,0.216760329920329
"52",1983,5.90327574243164
"54",1983,24.0305261880343
"MIDAS-103",1983,3.08801455090611
"MIDAS-3418",1983,31.762477196428
"MIDAS-3838",1983,0.264204638338382
"MIDAS-5408",1983,34.4369593520018
"MIDAS-5416",1983,24.3979710419684
"MIDAS-98",1983,24.2552114239627
"11",1984,0
"114",1984,2.47994553168883
"147",1984,0.000543376098154998
"205",1984,14.0219107339539
"216",1984,4.02056025226572
"29",1984,0
"33",1984,5.14586029614999
"35",1984,4.50341161748811
"380",1984,15.2338313179249
"389",1984,4.40985486866576
"390",1984,5.70193751962369
"391",1984,28.7750712838619
"47",1984,1.18244430533279
"48",1984,2.85063898143969
"49",1984,21.9529573237855
"54",1984,27.419657881849
"MIDAS-103",1984,0
"MIDAS-1674",1984,18.5544878278162
"MIDAS-3418",1984,19.6821485483831
"MIDAS-3838",1984,0.464442731107624
"MIDAS-5236",1984,33.9027714620398
"MIDAS-98",1984,19.6364606981113
"11",1985,0
"114",1985,4.25763435699121
"115",1985,0
"144",1985,30.6343790951695
"147",1985,0.00378534489563376
"173",1985,13.917035943173
"174",1985,33.6227547836758
"205",1985,0
"216",1985,1.80540674968019
"225",1985,13.6210149081897
"226",1985,0
"234",1985,26.3429350847853
"242",1985,39.9542615757214
"27",1985,23.9143131490532
"35",1985,3.52066837299431
"389",1985,0
"390",1985,12.8244610023424
"391",1985,40.625552840728
"MIDAS-103",1985,0
"MIDAS-3838",1985,0
"MIDAS-4822",1985,59.3876389168101
"MIDAS-5236",1985,29.8672170786852
"MIDAS-5312",1985,0
"MIDAS-5448",1985,17.6098807473422
"MIDAS-98",1985,20.1802979295714
"MIDAS-9961",1985,35.4967814771538
"10",1986,0
"11",1986,0
"115",1986,0
"144",1986,58.8411016117327
"173",1986,17.1901056886925
"174",1986,45.233480866268
"194",1986,0
"216",1986,3.59331686269618
"225",1986,7.74106061256526
"226",1986,0
"234",1986,32.2842443813978
"242",1986,38.2876098357449
"27",1986,24.0526630214102
"29",1986,0.0886328759684865
"309",1986,25.5429669752208
"33",1986,5.66778864546748
"35",1986,5.10670728655998
"386",1986,63.8860556050225
"389",1986,0
"390",1986,19.8575592294457
"391",1986,21.0351605798411
"41",1986,28.5593997238576
"46",1986,5.39480346689691
"47",1986,3.64744744539572
"48",1986,0.901868334156915
"MIDAS-103",1986,7.69393134347771
"MIDAS-1682",1986,0.926146765988711
"MIDAS-5236",1986,33.5272235790517
"MIDAS-5312",1986,0
"MIDAS-5416",1986,16.2630614585368
"MIDAS-5448",1986,21.5679941870219
"MIDAS-98",1986,25.7991720715721
"MIDAS-9961",1986,34.2368227421165
"11",1987,0
"115",1987,0
"12",1987,1.89976063959909
"144",1987,47.5284342793091
"15",1987,0
"174",1987,46.7472760912449
"175",1987,0
"194",1987,0.0713763597678384
"195",1987,33.5640630812255
"205",1987,27.0633855226141
"216",1987,3.04808490885598
"217",1987,4.96145944511638
"225",1987,12.0383526882359
"230",1987,67.2398166552679
"234",1987,35.9582810635658
"242",1987,45.8835716892311
"27",1987,22.4863239350701
"29",1987,0
"316",1987,20.4656939293528
"321",1987,20.2286698096218
"33",1987,5.89884649203075
"35",1987,5.75890086904969
"389",1987,0
"391",1987,15.2916708750716
"41",1987,21.8805836856373
"46",1987,13.0317538975328
"47",1987,5.09641439757108
"48",1987,2.26529371790239
"49",1987,31.0231138126183
"50",1987,3.42038279416396
"MIDAS-103",1987,6.46349604801174
"MIDAS-1672",1987,9.97571454344031
"MIDAS-1674",1987,23.0076165839237
"MIDAS-3832",1987,44.9977370041665
"MIDAS-3838",1987,1.67781671394798
"MIDAS-4822",1987,49.5542842458426
"MIDAS-5236",1987,33.278071772215
"MIDAS-5416",1987,20.8433722437104
"MIDAS-5448",1987,23.8981425276615
"MIDAS-98",1987,14.5264368440391
"MIDAS-9931",1987,36.9062582729068
"MIDAS-9961",1987,41.085682048487
"WI-043129",1987,29.4286864874227
"WI-583046",1987,36.3812812450669
"WI-673202",1987,76.3551627918847
"WI-673206",1987,22.6559967196755
"WI-683129",1987,41.6807153191141
"10",1988,0.0850191474196945
"11",1988,0
"115",1988,0
"12",1988,0
"124",1988,0
"144",1988,28.5401301196427
"146",1988,43.1223838717232
"147",1988,0.00148480688877691
"168",1988,51.2441977522898
"174",1988,37.0616761529263
"175",1988,0
"199",1988,19.6758679051437
"205",1988,17.3869946952126
"216",1988,2.44915015352328
"217",1988,9.39760279997678
"218",1988,30.610304856519
"225",1988,20.8529949637488
"226",1988,0
"234",1988,30.9235895351151
"238",1988,0.000388882415146919
"27",1988,18.2881457136486
"281",1988,0
"285",1988,0
"287",1988,0
"29",1988,0
"295",1988,23.1334166655849
"302",1988,0
"33",1988,3.30985222822681
"35",1988,2.44909717483263
"384",1988,12.0283689136993
"389",1988,0
"391",1988,24.3161532240986
"41",1988,27.1217153568721
"47",1988,2.69047459130676
"48",1988,1.96262124594008
"50",1988,0
"MIDAS-103",1988,4.31345129835293
"MIDAS-1672",1988,8.98137961475727
"MIDAS-1682",1988,0
"MIDAS-1802",1988,21.8898361329202
"MIDAS-3234",1988,27.1058160478564
"MIDAS-3382",1988,5.91723336211794
"MIDAS-3416",1988,53.0634732576627
"MIDAS-3838",1988,1.03415580257431
"MIDAS-4822",1988,48.9211979088106
"MIDAS-5172",1988,45.3387252808315
"MIDAS-5236",1988,31.3662215419165
"MIDAS-5312",1988,0
"MIDAS-5408",1988,25.6814584910953
"MIDAS-5416",1988,28.1397126460949
"MIDAS-5448",1988,20.8489548598178
"MIDAS-5780",1988,13.0952450863781
"MIDAS-98",1988,29.3525334073123
"MIDAS-9931",1988,29.4239204841212
"aba26",1988,36.0003284897454
"10",1989,1.12256143503707
"11",1989,0
"115",1989,0
"144",1989,42.1436975384861
"146",1989,53.3790240562878
"15",1989,0
"168",1989,41.7401081029765
"173",1989,21.471762538957
"174",1989,44.2075293856592
"175",1989,0
"178",1989,47.8555393723533
"195",1989,39.5758254929388
"196",1989,7.56590606452097
"205",1989,24.8888029222762
"206",1989,38.1315223225523
"216",1989,3.90615020371358
"217",1989,2.74703766544722
"218",1989,34.1244168449113
"231",1989,0
"234",1989,25.6553962103545
"238",1989,0.00100729167700532
"27",1989,10.8706691445214
"285",1989,3.83341114279204
"287",1989,0
"29",1989,0
"295",1989,27.4576367415828
"302",1989,0
"35",1989,3.13744675395459
"380",1989,17.0021416516504
"389",1989,0
"390",1989,0
"391",1989,24.3482255243831
"48",1989,1.45846006190805
"50",1989,1.61516940658595
"6",1989,0
"MIDAS-1672",1989,4.9378776838589
"MIDAS-1682",1989,0
"MIDAS-1802",1989,29.8568888640911
"MIDAS-3416",1989,45.1392697918514
"MIDAS-3420",1989,18.9549749200009
"MIDAS-3454",1989,19.325928519537
"MIDAS-3838",1989,1.60533047452085
"MIDAS-4822",1989,60.0860245515576
"MIDAS-5222",1989,14.558564038752
"MIDAS-5236",1989,32.1987155541824
"MIDAS-5408",1989,38.9171800976801
"MIDAS-5416",1989,30.5225280564376
"MIDAS-5424",1989,29.1804911542883
"MIDAS-5448",1989,18.1360621142337
"MIDAS-5780",1989,13.1867150853897
"MIDAS-9685",1989,16.672539990234
"MIDAS-9931",1989,26.172889935085
"WI-683129",1989,47.9434272429124
"aba25",1989,0
"aba26",1989,30.6333680156039
"10",1990,0.636421152141525
"11",1990,0
"115",1990,0
"144",1990,31.2128212094711
"146",1990,48.1227633600517
"15",1990,0
"153",1990,10.410872797512
"168",1990,54.3975718507172
"172",1990,33.3426104441611
"173",1990,28.8555193814711
"174",1990,60.8128992236813
"175",1990,0
"177",1990,0
"178",1990,59.2710750510201
"195",1990,41.4430595050354
"196",1990,15.5552175735372
"205",1990,31.6427876982142
"206",1990,37.7366701779592
"207",1990,0
"215",1990,21.9095506868351
"216",1990,1.99603814405417
"217",1990,13.3993518525919
"218",1990,37.49364608825
"22",1990,6.65048865042223
"225",1990,13.5590766725695
"226",1990,0
"231",1990,3.89226638705689
"234",1990,29.153777875878
"238",1990,0.00067432867576242
"242",1990,41.5459753055985
"27",1990,25.5280252300221
"281",1990,0
"285",1990,0
"289",1990,1.73774702149131
"29",1990,0
"290",1990,0
"295",1990,18.2654433348857
"297",1990,0.92373116093894
"299",1990,0
"300",1990,0
"301",1990,0
"302",1990,0
"303",1990,0
"304",1990,12.1016235679496
"33",1990,5.34838866653306
"35",1990,6.88249972163274
"362",1990,32.4917696269336
"41",1990,31.180191946589
"48",1990,14.2167733495615
"49",1990,24.0479198304093
"50",1990,2.25211464261342
"MIDAS-103",1990,3.44740084806425
"MIDAS-1672",1990,10.2319184520847
"MIDAS-1802",1990,24.4868668200142
"MIDAS-3134",1990,5.25454254839778
"MIDAS-3234",1990,22.784648268524
"MIDAS-3374",1990,9.2583901119888
"MIDAS-3382",1990,21.0108908830794
"MIDAS-3420",1990,25.7775868104279
"MIDAS-3424",1990,34.1656165991976
"MIDAS-3448",1990,17.443271435305
"MIDAS-3452",1990,0
"MIDAS-3454",1990,19.440099850285
"MIDAS-3838",1990,1.36808487498201
"MIDAS-5222",1990,8.31665464845657
"MIDAS-5236",1990,30.2229113145545
"MIDAS-5312",1990,0
"MIDAS-5408",1990,29.9314936438016
"MIDAS-5416",1990,22.5523025461765
"MIDAS-5448",1990,19.7342777485657
"MIDAS-5780",1990,12.2236797234659
"MIDAS-9685",1990,12.7910245378155
"MIDAS-98",1990,24.0774927493906
"MIDAS-9931",1990,21.9295804766473
"MIDAS-9961",1990,37.2703975078025
"WI-673206",1990,19.0755294455259
"WI-683129",1990,37.0866721288382
"aba26",1990,24.3401148737802
"114",1991,7.47111316852212
"144",1991,40.1296264624335
"146",1991,34.2502712736828
"153",1991,6.86097752874971
"168",1991,52.0410336210218
"173",1991,16.1156124809578
"174",1991,50.1212326053932
"175",1991,0
"177",1991,0
"187",1991,5.59061741021609
"192",1991,24.451187990032
"195",1991,39.5081188621279
"199",1991,33.0398982597072
"216",1991,2.65770298729491
"217",1991,7.29367994350481
"218",1991,33.8477702675332
"219",1991,93.2861875855847
"22",1991,8.5834993519822
"225",1991,10.8818666819334
"226",1991,0
"231",1991,1.77867012681092
"234",1991,30.0944073276738
"238",1991,0.000170307818364409
"27",1991,11.1383986962749
"281",1991,0
"285",1991,22.1131111999272
"287",1991,0
"289",1991,1.62793687515335
"290",1991,0
"295",1991,19.6343983560882
"298",1991,8.43601832895462
"299",1991,0
"301",1991,0
"302",1991,0
"304",1991,12.3323114489202
"324",1991,15.6377238229375
"327",1991,15.550881102822
"33",1991,6.84052251570652
"35",1991,2.26796790869355
"384",1991,18.0192824902453
"389",1991,0
"390",1991,24.0572344744279
"391",1991,36.7630640515491
"41",1991,25.4982159615647
"48",1991,1.89473208374926
"49",1991,26.7083367772145
"50",1991,1.23404692011182
"54",1991,22.0494012760942
"79",1991,0
"MIDAS-103",1991,0
"MIDAS-1802",1991,17.1741287015261
"MIDAS-3132",1991,3.08252062792001
"MIDAS-3134",1991,2.89430409153406
"MIDAS-3232",1991,20.3288167367386
"MIDAS-3234",1991,35.4549505940699
"MIDAS-3382",1991,8.70105726139746
"MIDAS-3416",1991,50.7800894451848
"MIDAS-3420",1991,17.8240055937301
"MIDAS-3448",1991,27.6590248098281
"MIDAS-3452",1991,0
"MIDAS-3454",1991,15.5009983722963
"MIDAS-3734",1991,12.1598316357048
"MIDAS-3832",1991,42.7837385689892
"MIDAS-4822",1991,51.7198876043723
"MIDAS-5172",1991,36.4823667272027
"MIDAS-5222",1991,14.0876575721211
"MIDAS-5236",1991,35.2861207958551
"MIDAS-5312",1991,0
"MIDAS-5448",1991,20.9869187648538
"MIDAS-5780",1991,15.509741580835
"MIDAS-98",1991,19.854525645333
"WI-673206",1991,18.0019385086628
"WI-683129",1991,45.6508476712065
"WI-683143",1991,18.9904717377986
"aba26",1991,26.9618803098572
"115",1992,0
"122",1992,0
"124",1992,0
"134",1992,19.781287239061
"146",1992,55.7972714963809
"15",1992,0
"153",1992,21.7475186858671
"173",1992,20.9272319615628
"175",1992,0
"178",1992,58.9532636485421
"187",1992,6.62480476471954
"195",1992,42.7618393745519
"196",1992,13.2704929422156
"205",1992,33.7168365360198
"214",1992,9.01976930892677
"216",1992,4.60123010181867
"217",1992,3.18037858811367
"218",1992,30.8688972797822
"22",1992,7.67817652602697
"225",1992,17.2931780142912
"226",1992,0
"231",1992,0
"234",1992,22.0210303631661
"235",1992,2.5462563460239
"238",1992,0.000748479608705869
"242",1992,50.5896785525177
"27",1992,19.6413724119626
"282",1992,4.9021318800911
"285",1992,10.8558677654331
"287",1992,0
"29",1992,0.346284629206955
"290",1992,0
"294",1992,0
"295",1992,21.3169377986356
"297",1992,1.19886359816772
"298",1992,0
"299",1992,0
"300",1992,0
"302",1992,0
"304",1992,12.9309908648896
"329",1992,20.957541430984
"35",1992,4.42891426957969
"384",1992,12.2626853621549
"389",1992,5.90653737916604
"390",1992,35.5163144725831
"391",1992,42.8831410283694
"41",1992,25.2640285605852
"46",1992,9.76368693256116
"48",1992,5.41812529831954
"7",1992,0
"79",1992,0
"MIDAS-103",1992,1.44748106291983
"MIDAS-1672",1992,6.97164183240893
"MIDAS-1674",1992,11.0751318884605
"MIDAS-1802",1992,29.4103046792132
"MIDAS-3134",1992,10.9514445309484
"MIDAS-3232",1992,25.2928153909376
"MIDAS-3234",1992,36.6308935513616
"MIDAS-3416",1992,61.7453115035419
"MIDAS-3420",1992,19.2781809148596
"MIDAS-3448",1992,28.4716010606518
"MIDAS-3454",1992,19.5058287530192
"MIDAS-3734",1992,6.42198176849941
"MIDAS-3832",1992,46.7324642489623
"MIDAS-3838",1992,2.01024078262754
"MIDAS-5236",1992,38.6113186175117
"MIDAS-5312",1992,0
"MIDAS-5408",1992,30.525583184396
"MIDAS-5448",1992,15.0892951463465
"MIDAS-5780",1992,17.5698008213936
"MIDAS-9685",1992,10.3819453430809
"MIDAS-98",1992,35.8878297747128
"MIDAS-9961",1992,45.7786861094883
"aba26",1992,22.4155322248817
"1",1993,0
"115",1993,0
"122",1993,0
"124",1993,0
"144",1993,44.2913354557493
"146",1993,46.5149316599143
"15",1993,0
"153",1993,17.4282217203068
"168",1993,50.486295185408
"174",1993,51.6453733773693
"175",1993,0
"177",1993,11.9332254412818
"192",1993,11.4130569500112
"195",1993,40.6295161709392
"196",1993,13.060377769812
"2",1993,43.581208515895
"209",1993,8.30561987908778
"210",1993,0
"211",1993,18.9312949889468
"214",1993,6.18892056509677
"216",1993,4.44419420665851
"217",1993,9.84322677323082
"218",1993,25.1373287744559
"22",1993,7.03251456939938
"225",1993,20.6062580057785
"226",1993,0
"231",1993,1.17221060868621
"234",1993,25.5855139753403
"238",1993,0.000543211502310763
"24",1993,7.31739633723944
"27",1993,16.5845681868551
"281",1993,0
"282",1993,8.28729254880446
"285",1993,10.4673674107624
"287",1993,2.49109682133752
"29",1993,0
"290",1993,0
"294",1993,0
"295",1993,30.0620581560643
"296",1993,28.8265248694878
"298",1993,0
"299",1993,0
"300",1993,0
"302",1993,0
"304",1993,14.6630101066532
"33",1993,6.73640678153228
"35",1993,5.17381705984585
"389",1993,0
"390",1993,35.8810882921812
"391",1993,27.7322088117941
"41",1993,31.8631436914181
"48",1993,9.76916862379683
"49",1993,21.70033409314
"53",1993,0
"55",1993,9.37840887265215
"79",1993,0
"MIDAS-103",1993,0
"MIDAS-1802",1993,25.4466198869301
"MIDAS-3134",1993,7.31899836279329
"MIDAS-3232",1993,17.3771623664498
"MIDAS-3234",1993,19.8931068468962
"MIDAS-3376",1993,27.9398460461219
"MIDAS-3416",1993,46.4367785072247
"MIDAS-3420",1993,21.4035253707564
"MIDAS-3448",1993,18.6938492582181
"MIDAS-3452",1993,13.3055959383143
"MIDAS-3832",1993,45.4910316620652
"MIDAS-5236",1993,41.6709809016706
"MIDAS-5312",1993,0
"MIDAS-5408",1993,23.5993338663306
"MIDAS-5416",1993,27.1667866731029
"MIDAS-5448",1993,17.1200093314272
"MIDAS-5582",1993,23.3482430686065
"MIDAS-5706",1993,26.2979888607229
"MIDAS-5780",1993,16.4272542198808
"MIDAS-9685",1993,7.97819605348061
"MIDAS-98",1993,23.0794770406793
"NHLAK801060402-05-01",1993,0
"WI-673206",1993,18.0701163316909
"aba26",1993,32.9135359882725
"1",1994,0
"115",1994,0
"124",1994,0
"146",1994,51.0842064992646
"15",1994,0
"153",1994,20.9125888737827
"168",1994,56.8134154142569
"173",1994,18.3390240279195
"174",1994,43.8557136752765
"175",1994,0
"190",1994,9.40769580414764
"191",1994,34.636095724368
"192",1994,8.89343838741352
"194",1994,0
"195",1994,44.1209574005449
"2",1994,64.3595050191863
"209",1994,14.3012272042821
"215",1994,14.5717524919852
"216",1994,4.72502588432692
"217",1994,2.73602722509239
"218",1994,31.0680947215258
"22",1994,8.04157693822997
"220",1994,57.0151054031911
"224",1994,56.0117664665153
"225",1994,10.6473452734541
"226",1994,0
"230",1994,50.8093899834603
"231",1994,2.10074441607871
"234",1994,27.8384404652167
"235",1994,2.37976822571411
"27",1994,16.6977046205536
"282",1994,8.85550213490955
"285",1994,18.812406089366
"287",1994,0.762543723482224
"290",1994,0
"297",1994,0
"299",1994,0
"300",1994,0
"301",1994,0
"302",1994,0
"304",1994,14.0019412541466
"306",1994,0
"33",1994,5.110883638729
"35",1994,4.79250655233339
"351",1994,18.5750693632431
"362",1994,25.7172299463177
"38",1994,0
"389",1994,0
"390",1994,29.9770154391414
"391",1994,45.7938046191634
"41",1994,30.4159675791125
"440",1994,33.7883275445772
"46",1994,8.13351728789915
"7",1994,0
"79",1994,0.0180305782002591
"MIDAS-103",1994,1.51076372072077
"MIDAS-1802",1994,25.9921141357219
"MIDAS-3134",1994,9.25692184422488
"MIDAS-3234",1994,28.335349908647
"MIDAS-3374",1994,9.26189520951334
"MIDAS-3416",1994,58.2461792847561
"MIDAS-3420",1994,16.8772719562383
"MIDAS-3454",1994,21.785489279856
"MIDAS-3832",1994,38.5057912162487
"MIDAS-5236",1994,39.9305396168325
"MIDAS-5307",1994,18.1134671906623
"MIDAS-5312",1994,0
"MIDAS-5448",1994,18.7882601157696
"MIDAS-5780",1994,21.0182767644116
"MIDAS-9685",1994,12.0279934125762
"MIDAS-98",1994,18.3128104073306
"NHLAK700030103-05-01",1994,31.4298942641075
"aba101",1994,15.5905965852804
"aba106",1994,0
"aba107",1994,1.25754828292624
"aba26",1994,41.4726184982193
"aba86",1994,0
"aba91",1994,13.1031384564161
"aba96",1994,0.716064711920445
"1",1995,0
"11",1995,0
"115",1995,0
"122",1995,0
"124",1995,0
"144",1995,39.4679325344775
"15",1995,0
"153",1995,13.6775578295527
"168",1995,53.2019969272766
"173",1995,18.056087851785
"174",1995,53.7837488195762
"175",1995,0
"177",1995,5.29943766357501
"178",1995,49.1579990575881
"187",1995,8.17033483917799
"190",1995,8.46173908785286
"192",1995,11.1473244360356
"194",1995,0
"195",1995,47.0090157425138
"2",1995,45.2086554402239
"200",1995,13.3297805203358
"204",1995,47.7333785216363
"208",1995,24.3661600337916
"209",1995,17.2023851701727
"210",1995,5.23058338137218
"211",1995,20.960969081761
"216",1995,3.78860297241484
"217",1995,0.95722078357761
"218",1995,31.6514761470036
"22",1995,7.6815924586839
"224",1995,69.3816465104848
"225",1995,19.4364603267416
"226",1995,0
"231",1995,0
"234",1995,33.1918149536608
"238",1995,0.000808821168783104
"242",1995,49.6259727009911
"27",1995,17.0819545383181
"285",1995,21.5173928511433
"287",1995,0
"290",1995,0
"294",1995,0
"298",1995,0
"300",1995,0
"301",1995,0
"302",1995,0
"303",1995,0
"304",1995,13.8121971552434
"306",1995,0
"31",1995,8.1102794311769
"322",1995,26.5559859719734
"33",1995,6.22121156996597
"344",1995,20.1541802633689
"35",1995,4.54378902634335
"362",1995,26.5721470391495
"375",1995,6.85115139097949
"38",1995,0
"389",1995,13.2780529424481
"390",1995,29.7355153108466
"391",1995,41.9955545237475
"41",1995,26.0804890219352
"47",1995,1.53853416567761
"48",1995,1.08608014154749
"52",1995,11.314354673421
"54",1995,20.7835291180965
"79",1995,0
"92",1995,24.7103882297832
"MIDAS-103",1995,2.46033073448787
"MIDAS-3130",1995,10.3292520388016
"MIDAS-3132",1995,6.33099385804711
"MIDAS-3134",1995,5.50980527369751
"MIDAS-3232",1995,24.3496868143401
"MIDAS-3234",1995,31.8454811106298
"MIDAS-3382",1995,20.7917392107005
"MIDAS-3416",1995,54.837182221281
"MIDAS-3420",1995,17.1886980919108
"MIDAS-3448",1995,25.9236349659314
"MIDAS-3452",1995,5.93452930239498
"MIDAS-3454",1995,20.9230385533595
"MIDAS-3832",1995,48.5263552824251
"MIDAS-5222",1995,4.80224512625251
"MIDAS-5236",1995,36.3081476944902
"MIDAS-5307",1995,21.976210252016
"MIDAS-5312",1995,0
"MIDAS-5448",1995,22.4371986273817
"MIDAS-5706",1995,35.9154001550004
"MIDAS-5780",1995,22.1722451393895
"MIDAS-9685",1995,9.70660688955721
"MIDAS-98",1995,26.8896331471671
"MIDAS-9961",1995,44.6923373680832
"NHLAK700061403-06-01",1995,32.131154652016
"NHLAK801060402-05-01",1995,5.69499416005663
"WI-213123",1995,9.16314331192401
"aba101",1995,14.7435787259809
"aba106",1995,0
"aba107",1995,9.25201071664903
"aba91",1995,16.3684109035421
"1",1996,0
"11",1996,0
"114",1996,10.5820452090309
"12",1996,3.98151447181995
"122",1996,0
"124",1996,0
"144",1996,50.1519924917474
"15",1996,0
"153",1996,6.6380190242313
"168",1996,47.9317121600331
"172",1996,24.9143272223315
"173",1996,21.5962008038338
"175",1996,0
"177",1996,0
"178",1996,46.9064353700712
"182",1996,1.149312489539
"190",1996,2.69872114069743
"191",1996,22.6846073925397
"192",1996,17.7386323185337
"193",1996,20.8413292782636
"194",1996,0
"195",1996,38.2071098662687
"2",1996,58.0820830344699
"204",1996,12.0049764217521
"209",1996,17.5763912314361
"210",1996,6.64367414922943
"211",1996,19.2049457811069
"214",1996,7.58862358186522
"215",1996,24.2992634537276
"216",1996,2.36130866978867
"217",1996,0
"218",1996,17.4387126137521
"219",1996,86.7757245389443
"22",1996,4.08573694167546
"220",1996,53.5298957831631
"225",1996,19.350678295301
"226",1996,0
"231",1996,0
"234",1996,29.955711913896
"27",1996,20.5617327638178
"282",1996,3.77047030592949
"288",1996,0
"289",1996,5.49625823076495
"29",1996,0
"290",1996,0
"295",1996,13.6352955684857
"297",1996,0
"298",1996,0
"299",1996,0
"30",1996,12.7727607405439
"300",1996,0
"301",1996,0
"302",1996,0
"304",1996,9.08320687474951
"306",1996,0
"31",1996,7.21369800746985
"32",1996,23.3476203209907
"344",1996,19.6578164141059
"35",1996,4.03907133221113
"38",1996,0
"384",1996,14.0209836132956
"389",1996,0
"390",1996,12.8108828237362
"391",1996,28.4085925595365
"48",1996,0
"49",1996,19.331231898886
"54",1996,29.650260156019
"55",1996,9.00913847914045
"6",1996,0
"7",1996,0
"79",1996,0
"MIDAS-103",1996,0
"MIDAS-3130",1996,11.2380713282812
"MIDAS-3132",1996,0
"MIDAS-3134",1996,2.35705567279562
"MIDAS-3234",1996,11.2814819786513
"MIDAS-3416",1996,49.8052966414056
"MIDAS-3418",1996,35.9897565479401
"MIDAS-3420",1996,17.9849393484181
"MIDAS-3424",1996,25.5796710936886
"MIDAS-3448",1996,22.65659795316
"MIDAS-3452",1996,0
"MIDAS-3734",1996,14.5043622711692
"MIDAS-3832",1996,47.6542655662293
"MIDAS-5312",1996,0
"MIDAS-5416",1996,21.3553657588462
"MIDAS-5448",1996,20.2654034128633
"MIDAS-98",1996,26.1379661761439
"NHLAK801060402-05-01",1996,2.16310949444521
"WI-443060",1996,0
"WI-643407",1996,0
"aba101",1996,6.92590873257055
"aba102",1996,8.76705736877739
"aba105",1996,9.44239500196386
"aba107",1996,0
"aba26",1996,30.5372756554781
"aba86",1996,0
"aba91",1996,17.356191481857
"aba96",1996,0
"aba98",1996,12.3160684900672
"1",1997,0
"11",1997,0
"114",1997,5.35499784552793
"122",1997,0
"124",1997,0
"144",1997,50.2444318329947
"15",1997,0
"153",1997,0.190693700909414
"157",1997,12.8653452380435
"158",1997,15.4566727703828
"168",1997,39.7170829479278
"171",1997,74.4494099441265
"172",1997,24.948711716179
"173",1997,22.7432717049198
"174",1997,43.7075433647115
"175",1997,0
"177",1997,7.94496980809045
"178",1997,43.0270354616788
"187",1997,10.8002647466312
"190",1997,0
"193",1997,14.6590208922673
"194",1997,0
"195",1997,31.2247121193196
"2",1997,59.9196710896961
"204",1997,50.6085868720785
"208",1997,26.2743637631147
"209",1997,15.435794082359
"210",1997,7.27235714738947
"211",1997,17.2079423611329
"214",1997,6.45657549841573
"216",1997,2.06710804036595
"218",1997,28.7942760789703
"22",1997,8.66524573841582
"225",1997,13.4224727470039
"226",1997,0
"230",1997,46.6078543706206
"231",1997,5.27134419906958
"234",1997,26.1402090145686
"235",1997,0.6765772138996
"238",1997,0.000899529246040879
"27",1997,10.832061876691
"281",1997,0
"287",1997,0.34732906293024
"288",1997,0
"289",1997,8.48220386258633
"290",1997,1.05025137813073
"294",1997,0
"295",1997,24.5568346068946
"297",1997,0
"298",1997,0
"299",1997,0
"30",1997,12.8481775331865
"300",1997,0.693636023345907
"301",1997,0
"302",1997,3.35619606917968
"303",1997,0
"304",1997,9.84805660933944
"31",1997,9.61265372953776
"312",1997,9.08460570140662
"32",1997,22.9913818125297
"324",1997,17.730664303147
"329",1997,20.7731984666922
"33",1997,4.70006019587756
"336",1997,18.8791175517512
"35",1997,2.48493327672399
"365",1997,16.052891683566
"389",1997,7.03495637535986
"390",1997,40.261040531227
"47",1997,1.58543938652819
"49",1997,23.2811084798099
"79",1997,0.0732053891703184
"MIDAS-103",1997,0.491561337185337
"MIDAS-3130",1997,8.32937725642351
"MIDAS-3132",1997,9.94386116511832
"MIDAS-3134",1997,0
"MIDAS-3201",1997,10.1294846508005
"MIDAS-3234",1997,25.1446547931458
"MIDAS-3416",1997,43.9730181584465
"MIDAS-3418",1997,20.9760590656193
"MIDAS-3420",1997,5.18965111794321
"MIDAS-3424",1997,25.6516570033895
"MIDAS-3448",1997,20.314466299536
"MIDAS-3452",1997,8.90627051210737
"MIDAS-3454",1997,15.7341802364722
"MIDAS-3734",1997,9.64008210061252
"MIDAS-3832",1997,35.4694774017169
"MIDAS-5222",1997,17.1334731329965
"MIDAS-5236",1997,26.1807788053923
"MIDAS-5312",1997,0
"MIDAS-5416",1997,23.9897373028243
"MIDAS-5448",1997,18.3888604406853
"MIDAS-5706",1997,25.8485242228256
"MIDAS-5780",1997,11.9984511722533
"MIDAS-9685",1997,10.9407738362354
"MIDAS-98",1997,18.7299234228131
"NHLAK801060402-05-01",1997,27.5290813578725
"WI-673206",1997,21.1784174551762
"WI-683129",1997,39.1662343098221
"aba26",1997,23.7521126353028
"1",1998,0
"11",1998,0
"110",1998,82.2086349891275
"122",1998,0
"124",1998,0
"15",1998,0
"153",1998,18.2113792439694
"157",1998,31.7931565573008
"158",1998,29.9313039172067
"168",1998,56.6120642138877
"172",1998,49.5196813174259
"173",1998,27.1093488927413
"175",1998,0
"177",1998,1.56942004077678
"178",1998,53.1125263647023
"179",1998,54.1812735142885
"182",1998,8.97376327650828
"186",1998,19.7793325069844
"190",1998,13.4533457090473
"192",1998,31.512042702574
"193",1998,15.5955386790699
"194",1998,0.56385506527998
"195",1998,48.0273660487643
"2",1998,52.8658255737074
"204",1998,29.418234649722
"209",1998,14.0587797498834
"210",1998,11.7185238943605
"214",1998,9.84151959873449
"216",1998,2.06089093656659
"217",1998,0
"218",1998,26.4627368494041
"22",1998,9.81570585160355
"225",1998,24.3126971489541
"226",1998,0
"231",1998,1.33650335119584
"234",1998,35.3294014270564
"235",1998,3.3446900277979
"238",1998,0.000264156159010349
"25",1998,0
"27",1998,12.7140857443858
"281",1998,0
"282",1998,8.05136406484526
"285",1998,0
"288",1998,0
"289",1998,0.0463176973437394
"290",1998,0
"294",1998,0
"295",1998,25.7604336796167
"297",1998,17.5502472414921
"298",1998,0
"299",1998,0
"30",1998,17.8874054944082
"300",1998,0
"301",1998,0
"302",1998,0
"304",1998,0.315639499758505
"31",1998,8.68179231852491
"312",1998,7.82579916952784
"32",1998,25.0281738699932
"324",1998,16.847226447935
"327",1998,17.2543747098386
"33",1998,6.28849198781827
"35",1998,12.9065658333168
"380",1998,24.0724647636876
"389",1998,1.53669281995213
"390",1998,39.4512204396941
"391",1998,49.8730589483624
"41",1998,27.4074128063513
"47",1998,3.46569514754956
"48",1998,6.97758126974319
"49",1998,35.533796819266
"5",1998,14.035063916777
"50",1998,0
"52",1998,9.00649400526609
"7",1998,0
"MIDAS-103",1998,0
"MIDAS-3130",1998,8.33911588418743
"MIDAS-3132",1998,12.3689378444851
"MIDAS-3134",1998,7.99913407990108
"MIDAS-3198",1998,32.1520968736646
"MIDAS-3201",1998,21.2592247303998
"MIDAS-3234",1998,45.8918606686077
"MIDAS-3374",1998,17.7852429523503
"MIDAS-3382",1998,21.4492860043083
"MIDAS-3416",1998,52.4098786500351
"MIDAS-3420",1998,22.3126719587737
"MIDAS-3424",1998,50.7149898048549
"MIDAS-3448",1998,24.2493779586819
"MIDAS-3452",1998,1.73201644660951
"MIDAS-3454",1998,20.8202965301395
"MIDAS-3734",1998,10.2670861039229
"MIDAS-3832",1998,48.2973403521926
"MIDAS-5236",1998,32.3532904602772
"MIDAS-5312",1998,0
"MIDAS-5416",1998,23.5362988759226
"MIDAS-5448",1998,24.0372369131967
"MIDAS-5582",1998,29.470845613422
"MIDAS-5706",1998,37.5058359109563
"MIDAS-5780",1998,16.241239850056
"MIDAS-9685",1998,11.4431358650507
"MIDAS-98",1998,28.4312617437223
"NHLAK801060402-05-01",1998,2.11490206435243
"NHLAK802010202-09",1998,8.49895471679273
"1",1999,0
"11",1999,0.0494411272478336
"110",1999,85.3051640838655
"115",1999,0
"124",1999,0
"15",1999,0
"153",1999,11.6663584343861
"157",1999,21.1405082208669
"168",1999,42.3014267220187
"172",1999,48.0050562748989
"173",1999,29.2020091881705
"174",1999,59.7948298117102
"175",1999,0
"177",1999,4.81686613120237
"178",1999,56.0010006515684
"182",1999,3.93092634040284
"183",1999,9.23514470446479
"187",1999,18.4929905878652
"190",1999,1.43867435801659
"192",1999,16.7133771019575
"193",1999,21.1877290680479
"194",1999,0
"195",1999,46.7643947336901
"2",1999,55.5779621734127
"204",1999,43.0009897509102
"209",1999,15.0230039250972
"210",1999,12.6818792398344
"211",1999,22.027346141487
"214",1999,9.18953400754581
"216",1999,3.5170658546471
"217",1999,10.3012055608875
"218",1999,36.3261192480921
"22",1999,7.34331150132752
"220",1999,58.3377025495691
"224",1999,72.456846367521
"225",1999,20.264886812488
"226",1999,0
"230",1999,60.9868095470795
"231",1999,4.87450173047454
"234",1999,33.1178143473619
"235",1999,3.27992004755479
"238",1999,0.000387917416814953
"24",1999,16.8132786831693
"27",1999,16.4058216003657
"285",1999,10.5488941624471
"289",1999,3.44573375807202
"29",1999,0
"290",1999,0
"295",1999,25.3800165717192
"296",1999,24.7607779162819
"297",1999,0
"299",1999,3.48127959183742
"30",1999,16.1051312003568
"301",1999,0
"302",1999,0
"303",1999,0
"304",1999,14.6055934239537
"31",1999,7.85397215601686
"32",1999,28.7741881037334
"324",1999,18.0189214295384
"327",1999,14.7238605422169
"329",1999,26.3920846646594
"33",1999,5.69243232917746
"336",1999,22.0639219838537
"35",1999,5.87029301971464
"380",1999,20.9276288234018
"389",1999,27.418703494638
"390",1999,43.9384112701416
"391",1999,42.7304574560041
"394",1999,13.5152703590631
"46",1999,11.911156265578
"47",1999,5.09297137979548
"48",1999,2.22071409250601
"49",1999,34.9914463452017
"5",1999,21.9271411922441
"50",1999,1.03389094098954
"52",1999,11.9202795422761
"53",1999,0
"79",1999,0
"94",1999,95.1554457472275
"MIDAS-103",1999,0
"MIDAS-3130",1999,13.3368347051466
"MIDAS-3132",1999,6.09613004022974
"MIDAS-3134",1999,4.48231055265376
"MIDAS-3198",1999,13.5858255740063
"MIDAS-3234",1999,37.4526839047404
"MIDAS-3374",1999,7.11284218890003
"MIDAS-3416",1999,56.7277706721462
"MIDAS-3424",1999,49.1453284510667
"MIDAS-3448",1999,27.7877337358771
"MIDAS-3452",1999,5.47979544926585
"MIDAS-3454",1999,19.4266641891706
"MIDAS-3734",1999,13.6625657358216
"MIDAS-3832",1999,39.9090535283593
"MIDAS-5236",1999,37.1290858445126
"MIDAS-5307",1999,22.1333423089654
"MIDAS-5312",1999,0
"MIDAS-5448",1999,22.1524721273617
"MIDAS-5582",1999,23.4470899338423
"MIDAS-5780",1999,17.4823834381593
"MIDAS-9685",1999,12.9047186496107
"MIDAS-98",1999,32.0220885332698
"MIDAS-9931",1999,31.7953668633823
"NHLAK801060402-05-01",1999,4.64282671762338
"1",2000,0
"11",2000,0
"110",2000,69.0720699400142
"114",2000,2.54043205977739
"115",2000,0
"12",2000,0.133990219007516
"124",2000,0
"146",2000,39.5452200763027
"15",2000,0
"153",2000,13.3014708222583
"157",2000,19.5798685552859
"158",2000,26.6555841300969
"168",2000,56.5346452702658
"172",2000,39.4876211956203
"173",2000,29.7894665697477
"175",2000,0
"177",2000,9.30990295274533
"178",2000,53.9790652676012
"183",2000,8.04633135721191
"187",2000,18.6179756342213
"190",2000,13.0846519327331
"192",2000,28.5019873158928
"193",2000,12.8810923005615
"195",2000,42.6142726331496
"2",2000,47.617333238203
"202",2000,75.7503012474623
"204",2000,49.1924116703533
"205",2000,28.8459607764958
"209",2000,12.5286779101976
"210",2000,11.5238095485441
"211",2000,26.6104343286556
"214",2000,8.11142954294275
"216",2000,2.21869985438126
"217",2000,0
"218",2000,28.1028679889565
"219",2000,84.7341405437088
"22",2000,5.14753167624592
"220",2000,60.5299441047431
"224",2000,76.7579935634611
"225",2000,16.0729314185399
"226",2000,0
"230",2000,58.3741926300116
"231",2000,8.17436509730629
"234",2000,35.9962270127395
"235",2000,0.231128031835411
"238",2000,0.000298687016753099
"24",2000,16.2620874631818
"25",2000,0
"27",2000,17.9290305839851
"281",2000,0
"282",2000,1.17128760549738
"285",2000,25.8064165083232
"287",2000,0.19997943283334
"288",2000,13.3942589659587
"29",2000,0
"290",2000,0
"294",2000,0
"295",2000,24.1170309435679
"297",2000,0
"298",2000,19.988032133551
"299",2000,0
"30",2000,14.9799185190348
"300",2000,0
"301",2000,0
"302",2000,1.10318503472157
"31",2000,8.63167765343182
"317",2000,24.9173637060541
"32",2000,28.4887974819828
"324",2000,17.1246799291735
"327",2000,17.2713998742455
"329",2000,18.9293031163156
"33",2000,6.9709361144682
"336",2000,19.8466959781534
"35",2000,3.54299333114212
"351",2000,17.0216171819461
"390",2000,41.837255304013
"391",2000,40.6143891946476
"394",2000,33.2338080774583
"41",2000,41.3974866500659
"412",2000,3.26125973947513
"46",2000,9.5370625763682
"47",2000,1.18441302960779
"48",2000,1.43080666673678
"49",2000,31.1603483082306
"5",2000,19.1409939143791
"50",2000,0
"52",2000,9.53955881010874
"53",2000,0
"54",2000,22.8071423118758
"6",2000,0
"7",2000,0
"79",2000,0.0091938970492451
"MIDAS-103",2000,3.31766016975033
"MIDAS-1802",2000,18.6762226807777
"MIDAS-3130",2000,12.4935196015464
"MIDAS-3132",2000,13.1199628866812
"MIDAS-3134",2000,6.22055200157686
"MIDAS-3198",2000,18.1927701059399
"MIDAS-3201",2000,19.0342031402093
"MIDAS-3232",2000,32.1035137592544
"MIDAS-3234",2000,46.7464615835388
"MIDAS-3374",2000,12.9850037060613
"MIDAS-3382",2000,22.7145262169826
"MIDAS-3416",2000,56.811783957296
"MIDAS-3418",2000,41.4312989848708
"MIDAS-3420",2000,17.9040227828975
"MIDAS-3424",2000,40.4086471506159
"MIDAS-3448",2000,25.8834182750864
"MIDAS-3452",2000,10.3092555138314
"MIDAS-3454",2000,20.703881051922
"MIDAS-3734",2000,8.46538017418306
"MIDAS-3832",2000,48.0865657768757
"MIDAS-3838",2000,1.85094890592547
"MIDAS-5172",2000,19.4590241187522
"MIDAS-5222",2000,4.0512662404283
"MIDAS-5236",2000,30.7572585940211
"MIDAS-5312",2000,0
"MIDAS-5416",2000,20.0792671321195
"MIDAS-5448",2000,24.1236689349785
"MIDAS-5582",2000,22.4423021704899
"MIDAS-5706",2000,36.3483425032885
"MIDAS-5780",2000,14.3969587999223
"MIDAS-9685",2000,13.1134902115372
"MIDAS-98",2000,32.8588811416625
"NHLAK801060105-04-01",2000,19.7947341251475
"NHLAK801060402-05-01",2000,5.83574086022391
"1",2001,0
"107",2001,20.569988752425
"11",2001,0
"114",2001,4.74263878965615
"115",2001,0
"122",2001,0
"124",2001,0
"144",2001,42.0206041579299
"146",2001,52.5367513584523
"147",2001,0.011354157866333
"15",2001,0
"153",2001,0.864068707010038
"154",2001,60.028169317849
"158",2001,27.8178879141368
"168",2001,48.1334379466407
"172",2001,32.0718325314063
"173",2001,28.3966886063499
"174",2001,53.6210751864813
"175",2001,0
"177",2001,5.47736340104654
"178",2001,57.5341204336102
"182",2001,3.67963407949924
"186",2001,37.3857889364306
"187",2001,11.1026377194806
"190",2001,4.23449637101521
"192",2001,11.2761815751583
"193",2001,22.5325289101952
"194",2001,0
"195",2001,34.1172520830656
"2",2001,66.1435070434854
"20",2001,29.2717437572281
"204",2001,52.4869473883258
"205",2001,22.9473827470354
"209",2001,12.0258860045483
"210",2001,5.63427417888734
"211",2001,24.5158322241847
"216",2001,4.39394250603187
"218",2001,20.4875797754089
"22",2001,3.23665620900847
"220",2001,60.749255694747
"224",2001,84.6956530745338
"226",2001,0
"231",2001,0
"234",2001,50.2780481505187
"235",2001,0.308304968172085
"238",2001,0.00110070806464137
"24",2001,27.7083294476709
"242",2001,53.8450705918609
"27",2001,16.933983964788
"282",2001,5.26704670836795
"285",2001,12.1824512940818
"287",2001,0
"288",2001,0
"289",2001,3.20519528494457
"290",2001,13.5778745549633
"296",2001,20.6393712231241
"297",2001,5.07148802324433
"299",2001,0
"30",2001,15.2327454053217
"300",2001,0
"301",2001,0
"302",2001,1.11773979342558
"305",2001,17.1361160209683
"31",2001,8.14994909851979
"310",2001,13.4188188181275
"324",2001,18.7125001950357
"327",2001,15.5303502484584
"328",2001,51.0454909944915
"329",2001,31.889990159267
"33",2001,4.00885039670805
"330",2001,39.3112022589748
"336",2001,21.4781861688697
"337",2001,32.7453223963337
"35",2001,9.04921870219254
"351",2001,15.5866375738563
"389",2001,0
"390",2001,0
"391",2001,27.3326047180145
"395",2001,22.4822032704885
"400",2001,54.2944767824919
"41",2001,35.0546988518314
"48",2001,1.92302002840068
"49",2001,25.5962477548749
"5",2001,34.3096200666131
"50",2001,0.588518688936729
"6",2001,0
"7",2001,0
"79",2001,0.0553387899612231
"95",2001,15.0514848236193
"MIDAS-103",2001,1.01571561733826
"MIDAS-1802",2001,28.641338733864
"MIDAS-3130",2001,11.2186576867442
"MIDAS-3132",2001,3.3225467279385
"MIDAS-3134",2001,0.472624679067185
"MIDAS-3198",2001,26.5443573635138
"MIDAS-3201",2001,16.0522273992911
"MIDAS-3234",2001,32.3206507695246
"MIDAS-3374",2001,15.1288952656029
"MIDAS-3416",2001,42.8839250692268
"MIDAS-3418",2001,54.6291413347691
"MIDAS-3420",2001,16.8769845661904
"MIDAS-3424",2001,32.8782666239907
"MIDAS-3448",2001,17.4358233624576
"MIDAS-3452",2001,6.10200009753727
"MIDAS-3454",2001,20.9522423398354
"MIDAS-3734",2001,15.3159158780968
"MIDAS-3832",2001,53.5110877400467
"MIDAS-3838",2001,1.37886537484006
"MIDAS-5222",2001,6.02592116956694
"MIDAS-5236",2001,36.1536578058931
"MIDAS-5307",2001,30.1173083902265
"MIDAS-5312",2001,0
"MIDAS-5448",2001,35.6757672649402
"MIDAS-5582",2001,28.3130087793875
"MIDAS-5706",2001,35.4196013359466
"MIDAS-5780",2001,15.6574367282954
"MIDAS-9685",2001,11.3409340875581
"MIDAS-98",2001,43.9629596394941
"MIDAS-9961",2001,47.872547201368
"NHLAK801060402-05-01",2001,13.6531596781581
"1",2002,0
"11",2002,0
"110",2002,69.5247785809149
"115",2002,0
"118",2002,94.5328869234019
"122",2002,0
"124",2002,0
"144",2002,40.7855057193778
"146",2002,34.2286908272486
"15",2002,0
"153",2002,15.8051726740369
"157",2002,27.9968834564167
"158",2002,38.7045034627669
"168",2002,52.393313446023
"172",2002,51.0558799282537
"173",2002,24.754125605682
"174",2002,42.6588451470227
"175",2002,0
"177",2002,15.0789383303408
"178",2002,50.9721363010518
"182",2002,0.583197872605449
"187",2002,15.7290607893424
"190",2002,22.4679986654622
"192",2002,31.3468423847036
"193",2002,16.9519749566924
"194",2002,0.493362418111656
"195",2002,37.3783521767319
"199",2002,41.8309443952694
"2",2002,74.2683085800448
"20",2002,39.3265326375319
"204",2002,53.0801148373191
"205",2002,43.4874212585453
"209",2002,14.0973736042606
"210",2002,4.16255674749141
"211",2002,22.9170004325718
"216",2002,2.057801879247
"217",2002,3.44935085306334
"218",2002,30.1590157106567
"22",2002,13.6856373535294
"220",2002,67.3791518725013
"224",2002,70.1415819280647
"226",2002,0
"230",2002,53.3317773369128
"231",2002,3.60672693427386
"234",2002,40.6084997764745
"235",2002,0.759740004053035
"238",2002,0.000319442625794597
"24",2002,33.1068732205046
"242",2002,33.2608848816271
"27",2002,12.5511038756518
"282",2002,7.20575710630632
"285",2002,3.6431415464417
"287",2002,0.255551269112082
"288",2002,0
"289",2002,2.81155671945438
"290",2002,0
"294",2002,0.726675905313329
"295",2002,18.174249142947
"296",2002,19.6945735945095
"297",2002,0
"298",2002,15.9075032570926
"299",2002,0
"30",2002,10.5970441491928
"300",2002,0
"302",2002,0
"304",2002,14.4819649233974
"305",2002,14.9175211226637
"306",2002,0
"31",2002,10.8867837521011
"32",2002,26.864067225609
"322",2002,19.2592843226277
"324",2002,12.2685103471796
"327",2002,7.97619669306541
"33",2002,4.67691428658811
"35",2002,2.96751510953505
"38",2002,0
"384",2002,11.3576249722942
"389",2002,0
"390",2002,14.8808350770749
"391",2002,35.7832260915436
"400",2002,72.7494655328334
"41",2002,41.234317367591
"412",2002,3.61323005676357
"47",2002,1.80316223677663
"48",2002,2.44390082809557
"5",2002,35.6093288060248
"50",2002,0
"52",2002,8.48099661620279
"53",2002,0
"7",2002,0
"79",2002,0
"86",2002,88.0101582691134
"92",2002,22.0756266706651
"MIDAS-103",2002,0
"MIDAS-1802",2002,16.266057768324
"MIDAS-3130",2002,9.70237635088179
"MIDAS-3132",2002,13.4714123488752
"MIDAS-3134",2002,7.60550116720496
"MIDAS-3198",2002,23.2478369120782
"MIDAS-3201",2002,28.3422875062805
"MIDAS-3232",2002,27.2492881420117
"MIDAS-3234",2002,45.4078778446305
"MIDAS-3374",2002,14.8398173432988
"MIDAS-3382",2002,24.9852658773985
"MIDAS-3396",2002,39.2133114648057
"MIDAS-3416",2002,51.0279819177996
"MIDAS-3420",2002,16.9871925803966
"MIDAS-3424",2002,52.2099187781774
"MIDAS-3448",2002,23.4782673398372
"MIDAS-3452",2002,17.1873015589389
"MIDAS-3454",2002,21.1264421487313
"MIDAS-3734",2002,10.9000000423262
"MIDAS-3832",2002,44.6620656394328
"MIDAS-3838",2002,2.58805127428028
"MIDAS-5172",2002,40.8378673286515
"MIDAS-5222",2002,10.4355929882037
"MIDAS-5236",2002,29.2389266624685
"MIDAS-5307",2002,21.4858049391518
"MIDAS-5312",2002,0
"MIDAS-5408",2002,33.6724298838929
"MIDAS-5416",2002,33.642098495598
"MIDAS-5448",2002,27.4801049271045
"MIDAS-5780",2002,14.2106933098681
"MIDAS-8065",2002,62.1868612739306
"MIDAS-9685",2002,12.2533498539858
"MIDAS-98",2002,39.4986869658128
"MIDAS-9961",2002,29.3196308692554
"NHLAK801060402-05-01",2002,0
"1",2003,0
"11",2003,9.59557270804791
"115",2003,0
"12",2003,3.20398645945663
"122",2003,0
"124",2003,0
"144",2003,25.0474808620559
"146",2003,50.8825023444339
"153",2003,16.5365256694541
"154",2003,66.6606136800437
"157",2003,25.2078889603143
"158",2003,32.6419691217819
"168",2003,50.4207607301914
"171",2003,85.5607042891503
"172",2003,39.3397443644277
"173",2003,19.7325091511986
"174",2003,39.4471587264883
"175",2003,0
"177",2003,0
"178",2003,56.768778584218
"182",2003,8.16053711573369
"183",2003,8.20263083539338
"187",2003,11.5085027476587
"192",2003,14.2260816911127
"193",2003,15.6933709860394
"194",2003,0
"195",2003,37.8463237023789
"2",2003,64.8328076269257
"20",2003,32.4795464537151
"205",2003,21.7695388896439
"209",2003,18.2551467414647
"210",2003,6.91015104786259
"211",2003,29.6511028314322
"216",2003,4.68601439678555
"217",2003,23.2601480358013
"218",2003,34.403257811291
"22",2003,5.09309488335106
"220",2003,63.1393040738854
"224",2003,76.294535654156
"226",2003,0
"230",2003,65.6465300782957
"234",2003,35.3486797244404
"235",2003,0.829734241446122
"238",2003,0.00197202550530036
"25",2003,0
"266",2003,0
"27",2003,13.3861508222223
"281",2003,0
"282",2003,6.50630116106491
"285",2003,16.3358209181704
"287",2003,1.30592172057664
"288",2003,16.8095897575767
"294",2003,0
"295",2003,29.8005958515678
"30",2003,13.4163855202687
"301",2003,0
"303",2003,1.33773718004948
"306",2003,0
"31",2003,8.30318585398068
"310",2003,14.2234522066732
"317",2003,21.8473215611712
"32",2003,28.6642668777571
"324",2003,16.4833345335574
"327",2003,11.401746271491
"329",2003,25.2741267023295
"330",2003,29.1690106302324
"334",2003,47.5559329692417
"337",2003,37.2451594331199
"342",2003,21.855832416991
"344",2003,17.3255966588318
"35",2003,5.82471152972108
"384",2003,8.97670386108698
"389",2003,0
"390",2003,1.1024676454836
"391",2003,30.2999237396886
"412",2003,2.60237033100779
"47",2003,4.69048673668826
"48",2003,2.34643692155978
"49",2003,32.8543455954357
"5",2003,54.6356043085861
"50",2003,0.452851958334531
"52",2003,7.70272500489613
"7",2003,0
"MIDAS-103",2003,9.25431613553236
"MIDAS-1802",2003,27.3751215921534
"MIDAS-3130",2003,10.8724358889806
"MIDAS-3132",2003,7.72281683468148
"MIDAS-3134",2003,7.08171987324983
"MIDAS-3198",2003,26.1579030421489
"MIDAS-3201",2003,22.897271012324
"MIDAS-3234",2003,41.7037350696569
"MIDAS-3374",2003,10.0817219740283
"MIDAS-3376",2003,36.5830080014987
"MIDAS-3416",2003,43.8767595855939
"MIDAS-3418",2003,45.9123792396526
"MIDAS-3420",2003,16.0275768692428
"MIDAS-3424",2003,40.3423829580865
"MIDAS-3448",2003,20.793599837453
"MIDAS-3452",2003,0
"MIDAS-3454",2003,22.761400875275
"MIDAS-3734",2003,10.8171045119451
"MIDAS-3832",2003,45.595528079533
"MIDAS-3838",2003,1.29230738947807
"MIDAS-5222",2003,14.7352743368728
"MIDAS-5236",2003,42.1374527108639
"MIDAS-5307",2003,24.8569665939908
"MIDAS-5312",2003,0
"MIDAS-5448",2003,23.956816812149
"MIDAS-5582",2003,28.9654922624877
"MIDAS-5706",2003,20.565485251844
"MIDAS-5780",2003,15.5458366844677
"MIDAS-9685",2003,9.50404210857894
"MIDAS-98",2003,37.9935905977999
"MIDAS-9931",2003,31.4791887153728
"aba15",2003,31.5996952268798
"1",2004,0
"11",2004,0
"110",2004,54.3162952265738
"118",2004,110.770425835404
"12",2004,0.903057346346928
"122",2004,0
"124",2004,0
"144",2004,39.9289188957288
"147",2004,0.00177574138256152
"153",2004,20.8174449104604
"157",2004,27.0206148032744
"158",2004,34.6556985441908
"168",2004,56.600196215327
"172",2004,50.4865864996751
"173",2004,24.627157906998
"174",2004,41.9253183317503
"175",2004,0
"177",2004,1.67453883086209
"178",2004,53.4656589559054
"186",2004,42.8486053696017
"187",2004,11.9042089283196
"190",2004,26.4694710832494
"193",2004,21.1471461747474
"194",2004,0
"2",2004,63.4646886999469
"20",2004,35.9806498089853
"208",2004,28.8764297199448
"209",2004,15.4534893002471
"210",2004,8.16003453956579
"216",2004,3.36682359823464
"217",2004,11.3563722320306
"218",2004,44.6775970139412
"22",2004,16.063640244796
"220",2004,69.6719554351693
"225",2004,16.7277359790081
"226",2004,0
"231",2004,4.29390860592783
"234",2004,42.3351254823841
"235",2004,1.79940307822816
"24",2004,23.9437785135667
"27",2004,16.8839127104356
"282",2004,8.40841991198648
"285",2004,18.6589301291448
"287",2004,0
"289",2004,8.07434086485821
"290",2004,4.19014682176246
"295",2004,21.088407503919
"297",2004,7.46427993429914
"298",2004,7.6927262318312
"299",2004,0
"300",2004,0
"302",2004,0.433572497641457
"303",2004,0
"31",2004,7.80252152146465
"310",2004,14.9074640684767
"312",2004,9.03974679240627
"315",2004,22.7676077695947
"32",2004,28.3184267410528
"324",2004,14.7439998852844
"327",2004,8.69461784804939
"329",2004,18.5029275046219
"336",2004,20.6300259425186
"35",2004,8.2058940542753
"380",2004,27.1896487089128
"389",2004,15.536353328177
"390",2004,20.895615808428
"391",2004,42.3638817024858
"400",2004,54.848216155179
"413",2004,3.06549329294998
"46",2004,13.493263294425
"47",2004,2.34992448977294
"48",2004,11.8739290588271
"49",2004,29.6573582633415
"5",2004,34.284306719116
"50",2004,0
"52",2004,12.6647829054341
"53",2004,1.22033064304866
"54",2004,44.6808466955306
"6",2004,0
"7",2004,0
"79",2004,0.0261373412750601
"85",2004,10.1705989281468
"92",2004,26.032545183386
"MIDAS-103",2004,3.60297972296097
"MIDAS-1674",2004,17.0363062596934
"MIDAS-3130",2004,10.4437009506124
"MIDAS-3132",2004,12.3873743046013
"MIDAS-3134",2004,9.8311656440234
"MIDAS-3198",2004,32.7581916046399
"MIDAS-3201",2004,24.5046453056077
"MIDAS-3234",2004,44.9878635471858
"MIDAS-3374",2004,23.2377310017249
"MIDAS-3382",2004,22.5508549633487
"MIDAS-3416",2004,59.2804902810208
"MIDAS-3420",2004,14.9897857791095
"MIDAS-3424",2004,51.6792405690007
"MIDAS-3448",2004,25.2072572333489
"MIDAS-3452",2004,1.84950975539305
"MIDAS-3454",2004,23.1615898080343
"MIDAS-3734",2004,13.9584150514394
"MIDAS-3832",2004,44.9656688002524
"MIDAS-5222",2004,15.0699088684202
"MIDAS-5236",2004,37.8392046017612
"MIDAS-5312",2004,0
"MIDAS-5448",2004,28.5619485056368
"MIDAS-5582",2004,30.6352063802671
"MIDAS-9685",2004,11.0463033721103
"MIDAS-98",2004,29.8832228604443
"NHLAK801060402-05-01",2004,5.18089113790094
"aba15",2004,20.7178112796341
"1",2005,0
"11",2005,0
"110",2005,67.4887880832508
"114",2005,9.86626994698993
"115",2005,0
"122",2005,0
"124",2005,0
"144",2005,37.2623895527983
"146",2005,53.6961685420036
"15",2005,0
"153",2005,0
"157",2005,26.721780464679
"158",2005,29.2133271518161
"168",2005,39.9927061069452
"171",2005,71.1165951121308
"172",2005,42.5874596464208
"173",2005,24.2758663987511
"174",2005,23.539445072628
"175",2005,0
"177",2005,0
"178",2005,38.0659859045336
"186",2005,40.6296993395363
"187",2005,16.1465641648725
"190",2005,7.28543601184496
"191",2005,33.2441385129946
"192",2005,24.7309078832059
"193",2005,12.7443085826481
"194",2005,0
"195",2005,36.3621532389933
"2",2005,64.863592479686
"20",2005,26.9891921454185
"202",2005,72.6386559100082
"204",2005,52.2808131172658
"208",2005,27.6437962342808
"209",2005,11.5840716257895
"210",2005,2.61596740573298
"211",2005,24.1070460982052
"214",2005,7.93872609667237
"216",2005,1.71359113063421
"217",2005,8.80959512222052
"218",2005,37.3855417264255
"219",2005,84.418597596476
"220",2005,63.1728944939972
"224",2005,70.0497468992297
"225",2005,12.860998890395
"226",2005,0
"230",2005,47.5645525152655
"234",2005,27.8830012247451
"235",2005,0.575732077487725
"238",2005,0.00107601537483419
"24",2005,64.9575885384626
"242",2005,44.7106001981741
"25",2005,0
"266",2005,2.46149306647361
"27",2005,15.1808100304249
"281",2005,0
"282",2005,9.67510496448014
"285",2005,11.9120795929786
"287",2005,1.48854469054722
"289",2005,3.67956936394245
"290",2005,0
"294",2005,0
"295",2005,29.621732460595
"296",2005,17.1061126908459
"297",2005,0
"298",2005,3.07198447647124
"299",2005,0
"300",2005,0
"301",2005,0
"302",2005,0
"303",2005,0
"304",2005,1.32139259971253
"307",2005,0
"31",2005,8.95517082482675
"32",2005,31.1050640125406
"324",2005,19.8760896095103
"327",2005,14.7060437101398
"33",2005,4.62342506849878
"344",2005,19.0561990467215
"35",2005,5.48702288282559
"380",2005,28.1355844249761
"382",2005,22.7915366469461
"383",2005,49.9477440622044
"384",2005,6.97228079446721
"389",2005,5.77369860422536
"390",2005,19.7934600089753
"391",2005,53.5674395696656
"400",2005,71.3195619938986
"413",2005,3.90778386869815
"46",2005,7.94887883290295
"47",2005,0.0318985612796132
"48",2005,2.5371558860792
"49",2005,27.0255918869194
"5",2005,50.7064686729677
"50",2005,0
"52",2005,7.38402372736468
"53",2005,0.162820363803052
"54",2005,22.9565422003173
"7",2005,0
"79",2005,0
"87",2005,50.1340290650125
"MIDAS-103",2005,4.03029389702938
"MIDAS-1802",2005,27.6425891695513
"MIDAS-3130",2005,11.3201005793535
"MIDAS-3132",2005,8.25930775069522
"MIDAS-3134",2005,0
"MIDAS-3201",2005,21.2590880332044
"MIDAS-3234",2005,28.8816475958624
"MIDAS-3416",2005,44.5569609410723
"MIDAS-3420",2005,9.36189975870576
"MIDAS-3424",2005,43.5635022687558
"MIDAS-3448",2005,24.1064881990108
"MIDAS-3452",2005,0
"MIDAS-3454",2005,17.1694200184739
"MIDAS-3734",2005,8.78238099115423
"MIDAS-3832",2005,41.4909987895071
"MIDAS-5222",2005,0.158322100562733
"MIDAS-5236",2005,23.2619608658043
"MIDAS-5307",2005,25.4441828674828
"MIDAS-5312",2005,0
"MIDAS-5448",2005,19.7834678885555
"MIDAS-5582",2005,27.8121591422345
"MIDAS-5780",2005,5.98862740314421
"MIDAS-9685",2005,12.4145250451796
"MIDAS-98",2005,23.8515295819179
"MIDAS-9961",2005,40.2743000352004
"NHLAK801060105-04-01",2005,26.4897650679126
"NHLAK801060402-05-01",2005,0.0316304700545827
"1",2006,0
"11",2006,0
"110",2006,82.2942928222305
"114",2006,4.69278358747951
"118",2006,123.679423148897
"122",2006,0
"124",2006,0
"146",2006,54.8652331555565
"15",2006,0
"153",2006,20.6510808290879
"155",2006,23.5400947892851
"157",2006,29.9671974967252
"158",2006,28.8395264741099
"168",2006,61.5670740874525
"173",2006,31.5095907647704
"174",2006,58.867176736567
"175",2006,0
"177",2006,8.85459336196606
"178",2006,57.7818802382852
"183",2006,5.93263934050656
"186",2006,41.1773555116798
"187",2006,19.1638359604878
"190",2006,27.4581879702924
"191",2006,44.5710853191823
"193",2006,21.5947175827526
"194",2006,0
"2",2006,38.3476405841425
"20",2006,37.7011070231688
"209",2006,19.5232020819381
"210",2006,10.2454544829602
"211",2006,23.9177135953982
"214",2006,10.0060941264194
"216",2006,3.41336471631739
"217",2006,8.32802668611783
"218",2006,41.1655636625779
"22",2006,14.3186699212313
"225",2006,15.7805102666704
"226",2006,0
"231",2006,7.26183967062707
"234",2006,41.676550717113
"235",2006,0.547751369986811
"238",2006,0.00130874356776066
"24",2006,0
"242",2006,42.6629051100587
"266",2006,5.73928456291906
"27",2006,18.0213809156562
"285",2006,28.2622829104362
"288",2006,0
"289",2006,11.0175339443848
"290",2006,0
"294",2006,0
"296",2006,5.80486849549078
"298",2006,11.5578084299271
"299",2006,0.745588808561575
"30",2006,16.3174734240034
"300",2006,0
"302",2006,0
"303",2006,0
"305",2006,1.45501205379214
"306",2006,0
"31",2006,10.0916495774375
"324",2006,20.802027811918
"327",2006,16.9317778294604
"333",2006,26.4380250292186
"35",2006,8.06496960193692
"389",2006,0
"390",2006,11.0636641116186
"391",2006,58.9776797822876
"413",2006,0
"46",2006,16.9108372344542
"47",2006,4.15503470005849
"48",2006,4.60203996725765
"49",2006,34.9622661082005
"5",2006,31.4503496625113
"50",2006,1.63939017175451
"52",2006,14.1012843765815
"53",2006,0.261770245796565
"6",2006,0
"7",2006,0
"79",2006,0.00837833038260581
"87",2006,70.7278057243643
"MIDAS-103",2006,1.95036242635291
"MIDAS-1802",2006,25.7957617715383
"MIDAS-3130",2006,13.7947550380746
"MIDAS-3132",2006,14.4054323413256
"MIDAS-3134",2006,10.0593988055723
"MIDAS-3198",2006,22.5508578094489
"MIDAS-3201",2006,20.4265256599375
"MIDAS-3232",2006,37.009314924378
"MIDAS-3234",2006,31.3525887067806
"MIDAS-3374",2006,12.9959481627657
"MIDAS-3376",2006,28.6360575732658
"MIDAS-3382",2006,37.7782034472966
"MIDAS-3416",2006,60.3946288550479
"MIDAS-3418",2006,46.471640043986
"MIDAS-3420",2006,16.0262711284071
"MIDAS-3448",2006,26.0874102073262
"MIDAS-3452",2006,9.83074719495624
"MIDAS-3454",2006,22.8079746151749
"MIDAS-3734",2006,15.1897034530157
"MIDAS-3832",2006,45.5749198507772
"MIDAS-5236",2006,33.3036428324623
"MIDAS-5312",2006,0
"MIDAS-5448",2006,28.1023458258155
"MIDAS-5706",2006,42.6367068284918
"MIDAS-5780",2006,17.7459420634025
"MIDAS-9685",2006,14.2048769834251
"MIDAS-98",2006,30.4133383666324
"MIDAS-9961",2006,38.164210843455
"NHLAK801060402-05-01",2006,0
"WI-013038",2006,0
"aba09",2006,0
"aba15",2006,28.9412480720568
"1",2007,0
"11",2007,0.549367351317628
"110",2007,78.519659805049
"122",2007,0
"124",2007,0
"15",2007,0
"153",2007,15.017969603111
"157",2007,31.1480835570932
"158",2007,19.3157331028815
"168",2007,51.9370980343631
"171",2007,56.2186805692877
"172",2007,41.3509032087955
"173",2007,24.4672171924418
"174",2007,42.9912597036168
"175",2007,0
"177",2007,0
"186",2007,43.7013059972723
"187",2007,13.0173291147559
"190",2007,0.532276294727479
"192",2007,22.0557633222451
"193",2007,19.8731270945867
"194",2007,0
"195",2007,40.0063330034338
"2",2007,59.9373716440107
"20",2007,38.3167716084086
"209",2007,16.9460058227114
"210",2007,5.29492122593476
"211",2007,23.7062747888963
"214",2007,6.50098059924076
"216",2007,3.9586845366315
"217",2007,10.837719923426
"218",2007,31.6560893164913
"219",2007,101.953831797522
"22",2007,5.39768192225762
"220",2007,61.0532529639632
"224",2007,79.4020066063599
"225",2007,10.320427026118
"226",2007,0
"231",2007,0.332724652939747
"234",2007,38.457429994294
"235",2007,0
"238",2007,0.00114402247300288
"24",2007,0
"242",2007,47.0596148539846
"266",2007,0
"27",2007,19.4016816844451
"281",2007,0
"282",2007,9.73890415127108
"285",2007,21.8997199356442
"287",2007,0
"288",2007,0
"289",2007,5.92036028440266
"29",2007,0.559714538385445
"290",2007,0
"294",2007,0
"295",2007,23.4976209869866
"296",2007,18.6477996468615
"297",2007,0
"298",2007,8.26517281350286
"299",2007,1.34373309186086
"30",2007,17.8634327748464
"300",2007,0
"301",2007,0
"302",2007,0
"303",2007,0
"304",2007,0
"305",2007,28.798136054903
"306",2007,0
"317",2007,19.9802359202458
"324",2007,16.625916415813
"327",2007,12.4537468067855
"329",2007,24.5203274933185
"33",2007,4.83865219161135
"334",2007,40.4300088823827
"336",2007,20.5232275217593
"35",2007,8.29715641035744
"357",2007,9.23276488496758
"38",2007,0
"380",2007,19.7316157333987
"382",2007,16.8893981683629
"383",2007,49.5193320940195
"389",2007,0
"390",2007,13.5496506510092
"391",2007,35.0186452114035
"400",2007,61.2499511937457
"412",2007,3.073363847656
"47",2007,9.19121372379016
"48",2007,3.02266308117204
"5",2007,46.6544922950285
"50",2007,0
"52",2007,12.4754228663791
"53",2007,0
"7",2007,0
"92",2007,23.0986001373119
"MIDAS-103",2007,0
"MIDAS-3130",2007,10.6550198463392
"MIDAS-3134",2007,7.2237090062427
"MIDAS-3198",2007,25.7376437713189
"MIDAS-3201",2007,12.7709910663129
"MIDAS-3232",2007,36.4886712099706
"MIDAS-3234",2007,32.1686737575325
"MIDAS-3374",2007,11.2187151565263
"MIDAS-3382",2007,19.4568577496987
"MIDAS-3416",2007,53.8143774072177
"MIDAS-3420",2007,18.4954805259498
"MIDAS-3424",2007,42.3498191255158
"MIDAS-3448",2007,22.5953774532996
"MIDAS-3452",2007,0
"MIDAS-3734",2007,13.6892481864141
"MIDAS-3832",2007,38.397411289364
"MIDAS-5222",2007,4.34594587135449
"MIDAS-5236",2007,35.3857918067451
"MIDAS-5307",2007,26.8779201797538
"MIDAS-5312",2007,0
"MIDAS-5448",2007,27.1633431529857
"MIDAS-5582",2007,27.8248492815054
"MIDAS-5706",2007,40.5242317179381
"MIDAS-5780",2007,14.6424734081304
"MIDAS-9685",2007,13.3257862695035
"MIDAS-98",2007,19.002693013672
"MIDAS-9961",2007,42.0915060852223
"NHLAK801060105-04-01",2007,24.7557713713708
"WI-593121",2007,15.1417180753938
"WI-643407",2007,40.2129395791189
"WI-673206",2007,9.05889890507372
"WI-703052",2007,12.7946327720556
"aba09",2007,0
"aba102",2007,10.6778450399497
"aba107",2007,3.32392509575866
"aba25",2007,1.00043157320701
"aba26",2007,33.2472349906432
"aba91",2007,11.8569938698369
"1",2008,0
"11",2008,1.88204600538399
"114",2008,5.28405693915431
"115",2008,0
"118",2008,94.8860608279384
"119",2008,92.5224407802837
"12",2008,3.53759722315017
"122",2008,0
"124",2008,0
"146",2008,48.4899959079466
"15",2008,0
"153",2008,8.85745162282103
"154",2008,76.5911478247589
"157",2008,20.5534584224435
"158",2008,18.527569683376
"168",2008,41.3986910295915
"172",2008,41.4417233927128
"173",2008,26.7235556513995
"174",2008,53.2925224946371
"175",2008,0
"177",2008,0
"178",2008,48.6552167694881
"187",2008,11.8584269508212
"193",2008,25.0954997932788
"194",2008,0
"2",2008,50.5494693481279
"20",2008,39.1629109992074
"206",2008,44.0399504020574
"209",2008,15.3472203661399
"210",2008,7.34841253409706
"216",2008,3.94656674042138
"217",2008,21.3284856150576
"218",2008,45.312058106675
"22",2008,12.0422312675698
"220",2008,71.5348078219014
"224",2008,84.9544543109177
"225",2008,15.0246259325542
"226",2008,0
"231",2008,0
"234",2008,40.2667552386839
"235",2008,1.01036879411071
"238",2008,0.000766644885264896
"266",2008,0.581991809128359
"27",2008,18.6081315918215
"274",2008,70.7398170421757
"282",2008,2.19745327879299
"285",2008,0
"286",2008,34.6994696376154
"287",2008,0.431580033433457
"288",2008,0
"289",2008,8.90337173101308
"290",2008,0
"294",2008,0
"295",2008,26.2972313992693
"297",2008,0
"298",2008,1.67189901766036
"299",2008,1.55811006691419
"30",2008,18.5269408287349
"300",2008,0
"301",2008,0
"302",2008,0
"303",2008,0
"305",2008,6.3162704906523
"306",2008,0
"31",2008,9.67776551195147
"32",2008,26.2232751703178
"324",2008,16.5735997677881
"327",2008,13.1246265846316
"336",2008,19.8300422948652
"35",2008,5.41987748364975
"38",2008,0
"380",2008,26.3688666233172
"389",2008,2.99472066869448
"391",2008,39.5578319108436
"400",2008,61.3431878416259
"412",2008,3.07626159775363
"413",2008,0
"46",2008,17.348769063194
"47",2008,7.15610318240524
"48",2008,3.06454579276137
"49",2008,30.2955606963122
"5",2008,21.4751638494121
"50",2008,0
"52",2008,16.6651742958669
"53",2008,0.107622030952756
"6",2008,0
"7",2008,0
"79",2008,1.1691199902519
"MIDAS-103",2008,6.19711430012537
"MIDAS-1802",2008,24.9917832213532
"MIDAS-3130",2008,7.47204901584315
"MIDAS-3132",2008,7.03340586836102
"MIDAS-3134",2008,3.92796231047887
"MIDAS-3201",2008,12.1367135959667
"MIDAS-3234",2008,31.7133363419262
"MIDAS-3374",2008,4.14014879555828
"MIDAS-3382",2008,13.0140449099663
"MIDAS-3416",2008,42.0402436178176
"MIDAS-3418",2008,37.4068322788674
"MIDAS-3420",2008,16.6481445155973
"MIDAS-3424",2008,42.4345937988058
"MIDAS-3448",2008,12.2834111893315
"MIDAS-3452",2008,0
"MIDAS-3454",2008,21.4024740628214
"MIDAS-3734",2008,16.9380941397468
"MIDAS-3832",2008,49.5786433210618
"MIDAS-5222",2008,17.0728317873749
"MIDAS-5236",2008,38.9930982726724
"MIDAS-5307",2008,28.5872897380173
"MIDAS-5312",2008,0
"MIDAS-5448",2008,27.8855884762238
"MIDAS-5582",2008,27.5475056618528
"MIDAS-5706",2008,34.3471412589957
"MIDAS-5780",2008,12.4694738347155
"MIDAS-9685",2008,14.0413629630695
"MIDAS-98",2008,24.8238013230279
"WI-213123",2008,20.308772111042
"WI-433035",2008,23.2357171303296
"WI-673206",2008,9.0897322536293
"aba105",2008,17.3747883209201
"aba106",2008,21.8553247238173
"aba107",2008,13.1621892348978
"aba15",2008,23.9623124093186
"aba86",2008,0.245861302737803
"aba91",2008,19.4429429011558
"aba94",2008,12.7984207197082
"aba96",2008,0
"1",2009,0
"11",2009,0.221546073583392
"115",2009,0
"118",2009,113.4332157405
"12",2009,4.19531470500685
"122",2009,0
"124",2009,0
"146",2009,52.1013311491776
"147",2009,0.00946741362846248
"15",2009,0
"153",2009,14.9077857796009
"157",2009,34.7506498945493
"158",2009,20.9057265118795
"168",2009,61.5320982301947
"172",2009,46.0824865369381
"173",2009,26.0085154013138
"175",2009,0
"177",2009,38.2110879421231
"178",2009,64.0820622348309
"182",2009,4.75753891972889
"187",2009,18.5610089521179
"190",2009,26.727425917099
"191",2009,38.1492701296522
"192",2009,32.7639675199886
"193",2009,17.1444652587829
"194",2009,0
"199",2009,51.0862225924178
"2",2009,57.5739968954614
"20",2009,41.3194880414701
"210",2009,9.7642525092415
"211",2009,20.2459317803251
"214",2009,6.51853096541433
"216",2009,2.63116884686238
"217",2009,5.13343756651876
"218",2009,35.6110657679133
"22",2009,11.1704791511392
"225",2009,13.3521777783752
"226",2009,0
"231",2009,0
"234",2009,35.3320900521475
"235",2009,1.6099545435009
"238",2009,0.00111740676059907
"24",2009,34.6673929134867
"242",2009,38.50180234149
"266",2009,0
"27",2009,18.3779916626695
"282",2009,15.5962058422265
"285",2009,41.7441611853673
"286",2009,44.7683925258701
"288",2009,0.497654762789547
"290",2009,0
"295",2009,38.6436582010475
"296",2009,30.9007447979554
"297",2009,3.63370005453097
"298",2009,1.61418005622156
"30",2009,15.9425601916504
"300",2009,0
"301",2009,0
"302",2009,0
"304",2009,21.5961237035912
"305",2009,23.1378233845478
"306",2009,0
"31",2009,7.75452339694011
"321",2009,20.3504510014148
"324",2009,19.9926267817722
"33",2009,4.93795514221809
"332",2009,28.9355292015148
"337",2009,37.3315650825287
"343",2009,50.9816083951388
"35",2009,9.26690457184228
"378",2009,34.9547097532123
"38",2009,0
"389",2009,1.60916305797434
"390",2009,20.8570235933577
"391",2009,27.5784812984045
"412",2009,2.52188498403033
"46",2009,15.8898308940591
"47",2009,4.42292339790722
"48",2009,2.50717804074272
"49",2009,32.1761006856637
"5",2009,33.4824395578337
"50",2009,0.738439910550733
"52",2009,14.1392912891731
"55",2009,14.6861709413924
"7",2009,0
"79",2009,0
"MIDAS-103",2009,0.155619016936732
"MIDAS-1802",2009,28.6015432091448
"MIDAS-3130",2009,10.5882986664399
"MIDAS-3132",2009,13.9044260679995
"MIDAS-3134",2009,6.74557728527689
"MIDAS-3201",2009,13.6750525586106
"MIDAS-3232",2009,35.2083049643611
"MIDAS-3234",2009,34.3783395921596
"MIDAS-3374",2009,32.3842251706183
"MIDAS-3382",2009,24.5789092253336
"MIDAS-3416",2009,58.586158769342
"MIDAS-3418",2009,40.257350713079
"MIDAS-3420",2009,11.0529842258156
"MIDAS-3424",2009,47.180554864201
"MIDAS-3448",2009,33.071660630171
"MIDAS-3452",2009,42.4876144833701
"MIDAS-3454",2009,25.8736400904383
"MIDAS-3734",2009,11.2595144118207
"MIDAS-3832",2009,47.4244103877014
"MIDAS-5236",2009,36.7625043417364
"MIDAS-5312",2009,0
"MIDAS-5416",2009,37.0292164647985
"MIDAS-5448",2009,23.3142307529487
"MIDAS-5706",2009,44.7000614882686
"MIDAS-5780",2009,18.5093828893675
"MIDAS-9685",2009,14.835474416179
"MIDAS-98",2009,15.5958357329942
"MIDAS-9961",2009,34.16666201552
"NHLAK801060105-04-01",2009,9.94468149161069
"WI-043126",2009,40.0122185220242
"WI-213123",2009,14.7934418879175
"WI-493126",2009,40.9861004094948
"WI-593121",2009,13.0730112072095
"WI-683137",2009,9.93803112066889
"aba09",2009,0
"aba14",2009,74.4408567228306
"aba15",2009,24.9099994548931
"1",2010,0
"11",2010,0
"115",2010,0
"118",2010,109.843413955317
"122",2010,0
"124",2010,0
"126",2010,46.3994358260481
"146",2010,57.186003059784
"147",2010,0.000717501722264148
"15",2010,0
"153",2010,16.9027982713184
"157",2010,21.5143333356021
"158",2010,17.7169279643394
"168",2010,62.0547795842835
"172",2010,43.3722334130499
"173",2010,34.999696342479
"175",2010,0
"177",2010,10.9792694449691
"178",2010,66.9281749252142
"182",2010,5.80584335770892
"186",2010,22.8180423375013
"187",2010,22.9494312082944
"190",2010,30.8066083619897
"191",2010,34.7495393362688
"193",2010,20.5655964815777
"194",2010,0
"2",2010,71.4798590930616
"205",2010,31.5919246772458
"208",2010,32.8192608855709
"209",2010,25.1226811463607
"210",2010,14.6035984559711
"211",2010,33.8452754384885
"214",2010,10.8368788707564
"216",2010,3.9145865605573
"217",2010,2.62227775051624
"218",2010,42.2656285512049
"225",2010,19.6419139667193
"226",2010,0
"230",2010,53.7519800889677
"231",2010,0.120593914388718
"234",2010,40.1060895673248
"235",2010,0.873084045562996
"24",2010,38.9709991477107
"242",2010,47.4360118717171
"27",2010,26.5501253515344
"281",2010,0
"282",2010,12.2905371429787
"285",2010,33.8078825669352
"286",2010,42.8006339059075
"288",2010,0
"289",2010,18.7593306496157
"29",2010,1.13933179987479
"296",2010,33.8387507158082
"297",2010,0
"300",2010,0
"301",2010,0
"302",2010,0
"303",2010,0
"305",2010,14.895625726029
"306",2010,0
"31",2010,11.174243147025
"313",2010,33.655073896908
"324",2010,22.8295697022638
"327",2010,14.9300081910189
"33",2010,8.52747558492965
"35",2010,12.2002011060887
"378",2010,49.8516142289333
"38",2010,0
"384",2010,14.5410468284688
"389",2010,0
"390",2010,23.728712671841
"391",2010,49.7777365710236
"412",2010,3.63631533073884
"46",2010,17.6616012647718
"47",2010,3.65095060182468
"48",2010,2.88455550327246
"5",2010,24.2760167056773
"50",2010,0
"52",2010,21.1981699965313
"53",2010,0.428199239369363
"55",2010,11.1457587319241
"7",2010,0
"79",2010,0.0380775355107714
"MIDAS-103",2010,0
"MIDAS-1802",2010,29.1866438389673
"MIDAS-3130",2010,13.1880178573936
"MIDAS-3132",2010,15.1044975435505
"MIDAS-3134",2010,7.8166312747198
"MIDAS-3201",2010,11.6586032914341
"MIDAS-3232",2010,33.1721650746999
"MIDAS-3234",2010,56.68245528264
"MIDAS-3374",2010,17.780900224648
"MIDAS-3382",2010,27.5647297233757
"MIDAS-3396",2010,46.1786931637802
"MIDAS-3416",2010,49.7787415630547
"MIDAS-3420",2010,16.4095495940542
"MIDAS-3424",2010,44.435027678425
"MIDAS-3448",2010,26.6052050400622
"MIDAS-3452",2010,12.195068722254
"MIDAS-3454",2010,23.5911737735304
"MIDAS-3734",2010,13.1263621747298
"MIDAS-3832",2010,57.4014124197657
"MIDAS-3838",2010,1.79153194860721
"MIDAS-5236",2010,43.3038588593996
"MIDAS-5312",2010,0
"MIDAS-5448",2010,27.2079080553556
"MIDAS-5706",2010,46.523042151282
"MIDAS-98",2010,22.4696384502499
"MIDAS-9961",2010,42.5742200582983
"NHLAK801060105-04-01",2010,20.5836264267593
"WI-033210",2010,49.1695133931723
"WI-213123",2010,21.5519030608907
"WI-213124",2010,26.6505556184381
"WI-443147",2010,46.5523351538103
"WI-583047",2010,55.9192579667568
"WI-583088",2010,30.5316299827856
"WI-583204",2010,57.4969204145623
"WI-593121",2010,24.409288720888
"WI-643126",2010,20.7885987607697
"WI-673206",2010,14.441006175771
"WI-683137",2010,11.7139565600282
"WI-683201",2010,29.253701533671
"aba09",2010,0
"aba102",2010,18.5931537615304
"aba106",2010,16.9063985553485
"aba107",2010,13.2031806633541
"aba14",2010,49.7123719140341
"aba15",2010,25.93297572441
"aba26",2010,39.7938530466666
"aba86",2010,6.70010572300984
"aba87",2010,8.22226266661703
"aba91",2010,31.4007159382638
"aba94",2010,7.68663398163326
"aba96",2010,4.80347064824211
"1",2011,0
"11",2011,0
"110",2011,77.2808605396263
"12",2011,2.0104869592343
"122",2011,0
"124",2011,0
"144",2011,62.6759842365201
"146",2011,59.9527661704571
"147",2011,0.000134423513948577
"15",2011,0
"153",2011,13.1875811827767
"155",2011,44.1088427626731
"157",2011,8.70115599400335
"158",2011,30.1146452662676
"168",2011,56.7590919525291
"172",2011,30.6512346029064
"173",2011,25.070422777428
"174",2011,57.6136598441341
"177",2011,0
"178",2011,61.5502971301529
"182",2011,3.76195050039215
"186",2011,31.2941530424963
"187",2011,11.295667641256
"190",2011,15.9862159494096
"192",2011,52.2403453048456
"193",2011,15.689669490091
"194",2011,1.43953213028441
"195",2011,45.3508614626164
"2",2011,43.4788549956499
"20",2011,34.2552357688917
"205",2011,18.6124958247494
"206",2011,46.9950536192825
"208",2011,21.2535767690926
"209",2011,17.7298821989007
"210",2011,8.59235097404113
"211",2011,29.1075701965099
"212",2011,33.8204586224369
"214",2011,9.72984290616504
"216",2011,2.19142526448465
"217",2011,12.891138017797
"218",2011,26.2840520805649
"22",2011,10.3751589856769
"220",2011,72.9374888337981
"224",2011,75.0790157912886
"225",2011,22.4905710492617
"226",2011,0
"230",2011,63.9107851980921
"231",2011,2.12079809561043
"234",2011,28.7823534196357
"235",2011,0.473440092676668
"238",2011,0.00114073924582241
"242",2011,49.7964883745567
"27",2011,21.9274318426958
"281",2011,0
"285",2011,43.5518710457523
"286",2011,42.8212344177482
"289",2011,6.92525223055503
"296",2011,30.1352480831416
"297",2011,0
"298",2011,1.93348751889803
"299",2011,0
"30",2011,16.0475503071286
"300",2011,0
"305",2011,27.8235008994232
"306",2011,0
"31",2011,7.73430330868155
"324",2011,18.6544730141012
"327",2011,11.8585234873477
"329",2011,26.2811143879824
"332",2011,43.6614731437923
"336",2011,21.1116846234008
"337",2011,34.7228173919104
"342",2011,23.1105631579318
"346",2011,43.7433452141915
"35",2011,6.03982497097143
"378",2011,26.5811920088204
"379",2011,57.2443353468264
"38",2011,0
"380",2011,24.0634417162307
"389",2011,11.4801732798231
"391",2011,43.9039092240685
"412",2011,4.08960137918194
"46",2011,12.9965042508845
"47",2011,2.80715514158381
"48",2011,0
"49",2011,27.3041845501678
"5",2011,55.5501753426616
"50",2011,0
"52",2011,12.9239886652789
"53",2011,0
"7",2011,0
"79",2011,0
"MIDAS-103",2011,3.52326227934176
"MIDAS-1802",2011,32.8409555345945
"MIDAS-3130",2011,14.1489585366962
"MIDAS-3132",2011,9.58518393072923
"MIDAS-3134",2011,6.16734603346062
"MIDAS-3201",2011,19.937906987303
"MIDAS-3232",2011,31.5683314557289
"MIDAS-3234",2011,37.6158531071733
"MIDAS-3374",2011,1.51645429579401
"MIDAS-3382",2011,13.5242479736004
"MIDAS-3416",2011,60.1854354874429
"MIDAS-3418",2011,40.8173192604172
"MIDAS-3424",2011,31.4709169110713
"MIDAS-3448",2011,28.3106814063496
"MIDAS-3452",2011,0
"MIDAS-3454",2011,23.4465914502981
"MIDAS-3734",2011,10.5784150467621
"MIDAS-3832",2011,51.579501964355
"MIDAS-3838",2011,1.02108380681507
"MIDAS-5236",2011,30.4616210094853
"MIDAS-5307",2011,22.9832145407172
"MIDAS-5312",2011,0
"MIDAS-5448",2011,19.1579487593113
"MIDAS-5706",2011,40.4714758226136
"MIDAS-5780",2011,17.5464009188922
"MIDAS-9685",2011,15.1671435473809
"MIDAS-98",2011,35.3514093687642
"MIDAS-9961",2011,44.6744464661196
"NHLAK801060105-04-01",2011,20.3696063586352
"WI-043037",2011,42.409475082164
"WI-043126",2011,14.1244686317023
"WI-193006",2011,5.53547568282103
"WI-213123",2011,19.217450829982
"WI-213124",2011,24.3354983962265
"WI-583088",2011,22.6446544065525
"WI-583204",2011,25.254717394412
"WI-643126",2011,11.8352011032353
"WI-653123",2011,20.7643832902614
"WI-653125",2011,48.4122330536917
"WI-663053",2011,69.0493782055025
"WI-663099",2011,23.1675917394425
"WI-673206",2011,13.9422016707036
"WI-683129",2011,34.3225299952944
"WI-683137",2011,11.0567697376797
"WI-683201",2011,20.8518925336278
"WI-693034",2011,47.9680946113338
"aba09",2011,0
"aba106",2011,20.0021041798389
"aba107",2011,5.59874819809536
"aba14",2011,42.7324430240874
"aba21",2011,43.9543419299506
"aba23",2011,39.1576314355533
"aba25",2011,4.74495381813497
"aba26",2011,41.7148122683586
"aba86",2011,0
"aba87",2011,0
"aba92",2011,32.0333232789079
"aba94",2011,6.05014915135972
"aba96",2011,0
"1",2012,0
"11",2012,0
"110",2012,69.8530288367897
"115",2012,0
"12",2012,2.91072512929385
"122",2012,0
"124",2012,0
"146",2012,61.2426819786047
"15",2012,0
"153",2012,12.8329244218008
"157",2012,41.7937488010614
"158",2012,30.0987638327919
"168",2012,61.585087401675
"172",2012,48.9775167362518
"173",2012,30.7032794740343
"174",2012,58.8089551964333
"175",2012,0
"177",2012,0
"178",2012,64.8885404032686
"186",2012,53.1796297182953
"187",2012,20.369171585187
"190",2012,10.6594933161133
"192",2012,36.7568141446012
"193",2012,20.0341574240945
"194",2012,3.03777142191581
"2",2012,78.9777710139804
"20",2012,46.08719557862
"201",2012,75.7321092136524
"205",2012,27.1099063057859
"206",2012,46.027382469288
"209",2012,17.833594295899
"210",2012,12.686417034015
"211",2012,21.3767455620255
"212",2012,34.5583776687801
"214",2012,18.5380584741862
"216",2012,4.55269276194565
"217",2012,5.6883514693234
"218",2012,46.8957098109808
"22",2012,15.8532973968611
"220",2012,66.5917079047112
"225",2012,19.1195826417661
"226",2012,0
"234",2012,46.3763727881938
"235",2012,0.253700777716836
"238",2012,0.000739255692366991
"242",2012,50.9797567928672
"266",2012,4.82076443735364
"27",2012,20.969432668979
"281",2012,0
"282",2012,4.55150773758987
"285",2012,6.01861247906358
"286",2012,31.20577304358
"288",2012,0
"29",2012,0.777131752709663
"294",2012,0
"295",2012,19.4494061726262
"297",2012,1.04768643660633
"298",2012,1.66151810327209
"30",2012,19.6503024546962
"300",2012,0
"301",2012,0
"302",2012,2.81407027507328
"303",2012,0
"305",2012,16.4917470661149
"306",2012,0
"307",2012,0
"31",2012,9.55890436444814
"32",2012,27.525508646713
"324",2012,18.4297659859456
"327",2012,15.0052753894352
"33",2012,5.60282790315398
"35",2012,8.87510567648097
"378",2012,31.5522176574878
"38",2012,0
"384",2012,12.1618401329313
"389",2012,10.4672639199862
"390",2012,19.9952374611836
"395",2012,0
"412",2012,3.31132989754776
"413",2012,14.5144197891337
"46",2012,11.9407743964974
"47",2012,1.17435415048398
"48",2012,1.10499039598144
"49",2012,28.2769839746349
"5",2012,37.6932670704296
"50",2012,0
"52",2012,10.9516719905858
"53",2012,0.0176645485458371
"54",2012,26.1617482668826
"7",2012,0
"79",2012,0.00578359137424616
"85",2012,9.36795630054808
"95",2012,36.766375818992
"MIDAS-103",2012,1.85744082573732
"MIDAS-1802",2012,31.2163166653249
"MIDAS-3130",2012,16.1593634902003
"MIDAS-3132",2012,15.6268674538067
"MIDAS-3134",2012,5.98004065246483
"MIDAS-3201",2012,21.0247956906416
"MIDAS-3232",2012,32.6247243133578
"MIDAS-3234",2012,43.9881221337327
"MIDAS-3374",2012,12.1765465094969
"MIDAS-3382",2012,31.808897694098
"MIDAS-3416",2012,62.46578083105
"MIDAS-3418",2012,49.5404878144438
"MIDAS-3420",2012,22.5094338310591
"MIDAS-3424",2012,50.0988743138974
"MIDAS-3448",2012,31.5512832735983
"MIDAS-3452",2012,0
"MIDAS-3454",2012,28.284657847129
"MIDAS-3734",2012,13.1924501072758
"MIDAS-3832",2012,53.7599187413574
"MIDAS-3838",2012,1.55292747779669
"MIDAS-5236",2012,40.5024738386639
"MIDAS-5312",2012,0
"MIDAS-5448",2012,32.2509181754003
"MIDAS-5706",2012,43.3564078420335
"MIDAS-5780",2012,19.5132672554216
"MIDAS-9685",2012,16.8987282372612
"MIDAS-98",2012,28.4320706547585
"MIDAS-9961",2012,45.6454907866791
"WI-033143",2012,59.0860506194053
"WI-213123",2012,25.4287695831781
"WI-443210",2012,36.2033441752868
"WI-583088",2012,24.0106584275664
"WI-583204",2012,34.4711442042513
"WI-643126",2012,20.6445668804522
"WI-653123",2012,31.5437856579885
"WI-653125",2012,49.7732935902717
"WI-683137",2012,12.2719760898656
"WI-683201",2012,22.8885329435429
"aba102",2012,20.3187252569771
"aba105",2012,10.9835895014029
"aba106",2012,0
"aba107",2012,13.8094922908891
"aba25",2012,0
"aba26",2012,50.2849697367406
"aba87",2012,1.73631853347876
"aba91",2012,23.5838784734195
"aba94",2012,5.10098180491245
"1",2013,0
"110",2013,82.0757763942314
"115",2013,0
"122",2013,0
"124",2013,0
"146",2013,56.4300961778856
"147",2013,0.000153149150046789
"15",2013,0
"153",2013,21.4315354889063
"157",2013,21.2575812236141
"158",2013,21.9180361937179
"168",2013,50.8431768922851
"172",2013,40.6695198479678
"173",2013,32.6358450254425
"174",2013,54.2475711286231
"175",2013,0
"177",2013,4.10929147474537
"178",2013,61.9252956511077
"182",2013,5.4142909405941
"186",2013,51.3666925533109
"187",2013,19.0251991017717
"190",2013,2.42990569243588
"192",2013,28.0651987801032
"193",2013,17.788038060521
"194",2013,0.847125742832326
"195",2013,40.9272125882978
"2",2013,72.2921708322325
"20",2013,39.3996730874339
"205",2013,45.3068337703895
"208",2013,21.6046197151717
"209",2013,18.2825532935241
"210",2013,3.0965906882983
"211",2013,24.6158080937841
"214",2013,12.9786331360957
"216",2013,3.76311470887339
"217",2013,10.6004104229119
"218",2013,39.0716252102926
"22",2013,10.378288869667
"225",2013,11.6358751116985
"226",2013,0
"231",2013,1.22848334966507
"234",2013,41.7527338812523
"238",2013,0.000708854694203936
"269",2013,32.0096729566575
"27",2013,18.6436370558546
"270",2013,0
"281",2013,0
"289",2013,4.98586401859419
"29",2013,0.529132267557453
"294",2013,0
"295",2013,32.9052983574158
"297",2013,0
"298",2013,12.357242739386
"30",2013,14.6185138231653
"302",2013,0
"303",2013,0
"305",2013,18.9859470651367
"306",2013,0
"31",2013,11.5739771501476
"32",2013,36.4272433188417
"342",2013,24.4064952152141
"343",2013,60.9366667845654
"344",2013,24.1095367399245
"35",2013,2.13502500997865
"38",2013,0
"384",2013,17.1396973766064
"390",2013,29.5208361765604
"391",2013,42.0103321863474
"395",2013,0
"412",2013,3.33844507632455
"413",2013,0
"47",2013,3.60183577798531
"48",2013,0.0566806510024208
"49",2013,30.240624951207
"5",2013,25.4040983209886
"50",2013,0
"52",2013,13.6455163498593
"7",2013,0
"79",2013,0
"MIDAS-103",2013,0
"MIDAS-1682",2013,0
"MIDAS-1802",2013,26.7360799512158
"MIDAS-3130",2013,12.9324253461351
"MIDAS-3132",2013,9.44070332103312
"MIDAS-3134",2013,9.85169111308339
"MIDAS-3201",2013,14.4831075456147
"MIDAS-3232",2013,31.6390010262111
"MIDAS-3234",2013,37.3541666825134
"MIDAS-3374",2013,4.18991211430749
"MIDAS-3382",2013,22.6713433800394
"MIDAS-3416",2013,61.7734418232104
"MIDAS-3418",2013,39.3360044450845
"MIDAS-3420",2013,22.2600560929159
"MIDAS-3424",2013,41.6170504224497
"MIDAS-3448",2013,28.6851081516498
"MIDAS-3452",2013,4.53173942232641
"MIDAS-3734",2013,11.7553318221312
"MIDAS-3832",2013,50.4396473208514
"MIDAS-5236",2013,38.9627892734839
"MIDAS-5312",2013,0
"MIDAS-5448",2013,29.1638325822097
"MIDAS-5780",2013,18.3257467703657
"MIDAS-9685",2013,18.3312478222131
"MIDAS-98",2013,25.103723587114
"NHLAK600020802-04-01",2013,0
"NHLAK600020804-01-03",2013,5.7553839288622
"NHLAK801060105-04-01",2013,17.4091516520983
"WI-043113",2013,23.4852319819956
"WI-043126",2013,11.1282054371914
"WI-043129",2013,25.3343729551849
"WI-193006",2013,5.55523301813418
"WI-213123",2013,15.8186930249799
"WI-213124",2013,22.7826631942835
"WI-443147",2013,32.8967239208539
"WI-443264",2013,21.4826174930597
"WI-583046",2013,26.3859653216531
"WI-583047",2013,50.9588284323106
"WI-583088",2013,10.9007795058339
"WI-583204",2013,19.7235927237661
"WI-593043",2013,9.83562302402303
"WI-643080",2013,2.09652550712047
"WI-643126",2013,26.3609147446765
"WI-643466",2013,32.9086329791096
"WI-653123",2013,24.6517879742996
"WI-653124",2013,31.0798508869875
"WI-653125",2013,48.3875602474866
"WI-683123",2013,10.0325038771984
"WI-683145",2013,8.05307924632493
"WI-683201",2013,12.086673204227
"aba09",2013,19.8636310193447
"aba14",2013,77.6127540972715
"aba15",2013,24.3201155107885
"aba26",2013,41.2809113907616
"1",2014,0
"110",2014,83.1204236717072
"115",2014,0
"122",2014,0
"124",2014,0
"146",2014,60.5725906253029
"15",2014,0
"153",2014,11.89075016753
"158",2014,21.758861219277
"168",2014,55.7334369055951
"172",2014,33.3426223319498
"173",2014,30.0795389852939
"174",2014,60.6986990184907
"175",2014,0
"177",2014,0
"178",2014,60.1565053394714
"182",2014,5.12296668689147
"186",2014,50.6090500297181
"187",2014,10.6377717883319
"190",2014,4.83086413885485
"191",2014,39.4517191395734
"192",2014,30.0337376828109
"193",2014,19.691608802423
"195",2014,36.2916560524188
"197",2014,17.1369811621355
"2",2014,63.5831260990861
"20",2014,29.2297239450835
"209",2014,15.2645877983908
"210",2014,6.87195765159131
"211",2014,24.4054092276086
"214",2014,10.6802733699312
"216",2014,4.20361421869737
"217",2014,13.8235049163495
"218",2014,38.3911367893223
"22",2014,8.65173007462746
"220",2014,57.5801594966022
"225",2014,10.4938438101248
"226",2014,0
"231",2014,0
"235",2014,0
"238",2014,0.000725240943217696
"242",2014,51.013807169007
"266",2014,1.44504141307629
"27",2014,13.7082403156712
"29",2014,1.2650178227818
"30",2014,21.7463209860989
"31",2014,10.2772065724068
"311",2014,7.14258704034413
"32",2014,34.2638328972999
"324",2014,17.9357684054447
"327",2014,12.6963051217956
"329",2014,33.1471455543419
"330",2014,37.8781367231918
"344",2014,23.9936852225455
"35",2014,0.757427762618756
"353",2014,40.8510067688267
"357",2014,14.6163815607282
"38",2014,0
"384",2014,17.71138735643
"389",2014,0
"390",2014,0
"395",2014,0.72777672374907
"412",2014,4.21365352536613
"413",2014,0
"47",2014,2.72796952512376
"48",2014,2.08176097639463
"49",2014,21.7168391670525
"5",2014,34.2789711961002
"50",2014,0
"52",2014,12.2785541982696
"53",2014,0
"7",2014,0
"79",2014,0
"MIDAS-103",2014,0
"MIDAS-1682",2014,0
"MIDAS-1802",2014,31.1487397209729
"MIDAS-3130",2014,12.0146380825276
"MIDAS-3132",2014,7.4929172366432
"MIDAS-3134",2014,5.18738247606715
"MIDAS-3201",2014,14.3219497728611
"MIDAS-3232",2014,27.8943156541522
"MIDAS-3234",2014,33.9948794452412
"MIDAS-3374",2014,14.9018256932959
"MIDAS-3382",2014,15.4928290550221
"MIDAS-3416",2014,50.0714547425203
"MIDAS-3420",2014,14.332195429438
"MIDAS-3424",2014,34.1807584038889
"MIDAS-3448",2014,26.8805191676276
"MIDAS-3452",2014,0
"MIDAS-3734",2014,13.2097167602507
"MIDAS-3832",2014,47.578432797356
"MIDAS-5222",2014,20.3967651150862
"MIDAS-5236",2014,40.329349762863
"MIDAS-5312",2014,0
"MIDAS-5706",2014,40.7220062645756
"MIDAS-5780",2014,20.8777152792695
"MIDAS-9685",2014,16.1777907902445
"MIDAS-98",2014,23.0998053096532
"MIDAS-9961",2014,45.3959886308221
"WI-033140",2014,46.7488512512886
"WI-043113",2014,25.3825682901951
"WI-043129",2014,31.4420811284539
"WI-193006",2014,4.5358509716106
"WI-213123",2014,24.9523216250202
"WI-213137",2014,47.2756791521263
"WI-213138",2014,32.8383812740221
"WI-263160",2014,31.3710058159824
"WI-433035",2014,20.7206074601861
"WI-443147",2014,40.4188822909592
"WI-583046",2014,23.3539194052568
"WI-583047",2014,42.493467620154
"WI-583088",2014,19.5128797909351
"WI-583204",2014,25.7088155475817
"WI-593044",2014,20.7255580149851
"WI-593045",2014,10.2033186628757
"WI-643080",2014,5.07861077632105
"WI-643126",2014,29.6227619796894
"WI-643466",2014,20.265534529309
"WI-653121",2014,19.3868565605615
"WI-653123",2014,37.1484739955032
"WI-663053",2014,85.9403987480687
"WI-673206",2014,19.3670376417614
"WI-683129",2014,33.5158574440577
"WI-683145",2014,8.23179758501215
"WI-683201",2014,16.3215070123128
"WI-703014",2014,39.6308397625524
"WI-703052",2014,15.1838267393261
"aba14",2014,92.2149721359641
"aba25",2014,14.1067592863997
"aba26",2014,35.5292235816653
"1",2015,0
"115",2015,0
"124",2015,0
"146",2015,51.7069813092865
"153",2015,22.6395789245109
"158",2015,26.314785806741
"172",2015,38.0829419183924
"173",2015,25.3200592698873
"174",2015,48.590475973778
"175",2015,0
"177",2015,3.518559842771
"178",2015,57.7511733767744
"182",2015,6.06590688779972
"187",2015,12.4151012552472
"190",2015,14.3082349019196
"192",2015,33.82692981552
"193",2015,15.092965071155
"194",2015,0
"195",2015,40.148195285567
"2",2015,101.746911712681
"205",2015,24.0113882734558
"206",2015,44.5190279992767
"209",2015,15.0522740388126
"210",2015,10.1724246264886
"211",2015,22.0563865313306
"214",2015,16.2092596989214
"216",2015,3.43908405638968
"217",2015,7.61681602056437
"218",2015,34.1933521857069
"22",2015,7.86739983919109
"220",2015,62.5997244100295
"225",2015,14.9909901020362
"226",2015,0
"231",2015,0
"234",2015,42.5936796505878
"235",2015,0
"238",2015,0.000949194844223619
"266",2015,0.938658446188835
"27",2015,18.1443165264846
"29",2015,1.57850768202865
"30",2015,21.9931319331264
"306",2015,0
"31",2015,10.3371625896575
"32",2015,30.8145873760603
"324",2015,21.0763751812601
"327",2015,15.1008809498579
"330",2015,24.362395879656
"336",2015,24.066070829437
"342",2015,25.8393242706177
"343",2015,62.2337588595314
"35",2015,8.80616227382744
"365",2015,18.504296264548
"379",2015,73.5107301916358
"389",2015,0
"412",2015,3.02829258997268
"413",2015,0
"47",2015,3.34618832187523
"48",2015,1.90670059978184
"49",2015,24.3206166344984
"5",2015,44.9927906658193
"50",2015,0
"54",2015,12.0495423329859
"7",2015,0
"79",2015,0
"92",2015,23.9586777400709
"MIDAS-103",2015,0
"MIDAS-1682",2015,0
"MIDAS-1802",2015,25.9241395646575
"MIDAS-3130",2015,11.8994625417266
"MIDAS-3132",2015,8.61027010705137
"MIDAS-3134",2015,10.1827601529371
"MIDAS-3201",2015,17.4268344016548
"MIDAS-3232",2015,28.0389632313973
"MIDAS-3234",2015,31.1268544621317
"MIDAS-3374",2015,8.8818402941646
"MIDAS-3416",2015,53.6858716033717
"MIDAS-3420",2015,20.0940387393388
"MIDAS-3424",2015,39.0083824593745
"MIDAS-3448",2015,23.3152577946736
"MIDAS-3452",2015,3.89807858798442
"MIDAS-3454",2015,23.2065669034067
"MIDAS-3734",2015,9.88465995449162
"MIDAS-3832",2015,53.0294583645831
"MIDAS-3838",2015,1.49229142766906
"MIDAS-5236",2015,37.2551091121912
"MIDAS-5312",2015,0
"MIDAS-5448",2015,28.9846241122822
"MIDAS-5706",2015,35.327331881662
"MIDAS-5780",2015,24.7782092638862
"MIDAS-9685",2015,16.5425370345886
"MIDAS-98",2015,27.7799304282286
"WI-033140",2015,45.6618048008113
"WI-043129",2015,31.4860459456105
"WI-173216",2015,32.4682004248984
"WI-193006",2015,9.92563919631648
"WI-213123",2015,26.089165162225
"WI-443147",2015,40.220458808275
"WI-443264",2015,41.0592912029466
"WI-583088",2015,11.9760650596154
"WI-583204",2015,32.2401910212764
"WI-593072",2015,0
"WI-643080",2015,6.97376045373222
"WI-643466",2015,28.273229849017
"WI-653123",2015,36.7224283428314
"WI-653124",2015,33.0962695921878
"WI-683137",2015,10.9025237283838
"WI-683145",2015,12.2973414904147
"WI-683201",2015,17.7368346022427
"WI-703014",2015,48.6772704659477
"aba09",2015,0
"aba12",2015,1.51610929239663
"aba14",2015,123.620641512798
"aba19",2015,4.53076749254295
"aba20",2015,5.40357328187464
"aba26",2015,36.9056118753945
"110",2016,94.2789451650398
"115",2016,0
"124",2016,0
"146",2016,53.4010134058282
"15",2016,0
"153",2016,20.4177686069584
"158",2016,18.5129817917835
"168",2016,63.4603716836554
"172",2016,43.3352453441007
"174",2016,52.1873553735111
"175",2016,0
"177",2016,4.87013208006472
"178",2016,61.7078749189396
"182",2016,7.04775839347366
"186",2016,54.995818937124
"187",2016,12.3829660701212
"189",2016,41.8025958252835
"190",2016,36.2945447758478
"192",2016,39.7415210450447
"193",2016,20.1831964990058
"195",2016,38.7638126652761
"196",2016,17.4675023238566
"208",2016,24.3070462899028
"209",2016,19.542227652931
"210",2016,12.1429386926309
"211",2016,26.7930730816496
"212",2016,31.561007149505
"214",2016,12.1839262767606
"215",2016,33.5642915993252
"216",2016,4.13242982570703
"217",2016,5.79750966370356
"218",2016,30.9863412992484
"224",2016,67.0943185351152
"225",2016,14.4005996384731
"226",2016,0
"231",2016,5.24230859031602
"234",2016,39.98357083519
"235",2016,0.279434804288343
"238",2016,0.000724672267932863
"242",2016,50.5799410508435
"266",2016,3.73417957222972
"306",2016,0
"312",2016,6.74765992062543
"315",2016,12.3148468828795
"321",2016,28.920013691797
"324",2016,17.5134484550738
"327",2016,13.6489229255461
"332",2016,35.7602257067962
"334",2016,50.6972012918627
"336",2016,25.4394495717425
"337",2016,38.394983190352
"343",2016,58.227367137046
"344",2016,22.0195906693897
"353",2016,34.374529904632
"357",2016,9.5125516014057
"376",2016,17.7497832592051
"384",2016,13.2330275091855
"389",2016,13.6585689492751
"390",2016,3.93332128019998
"412",2016,2.65795975646639
"413",2016,5.59385749864358
"MIDAS-103",2016,0
"MIDAS-1802",2016,25.2219180469743
"MIDAS-3130",2016,11.8402307946299
"MIDAS-3132",2016,13.97290025253
"MIDAS-3134",2016,9.64820652809702
"MIDAS-3201",2016,12.2099758878087
"MIDAS-3232",2016,24.954108381383
"MIDAS-3234",2016,40.8229092448841
"MIDAS-3374",2016,17.237360154179
"MIDAS-3382",2016,21.5054844557512
"MIDAS-3396",2016,34.1371146393661
"MIDAS-3416",2016,57.7877992042906
"MIDAS-3418",2016,39.3787430208839
"MIDAS-3420",2016,31.0166229012607
"MIDAS-3424",2016,44.3959000050496
"MIDAS-3448",2016,22.9686349926937
"MIDAS-3452",2016,5.39377307075811
"MIDAS-3454",2016,21.2601679956522
"MIDAS-3734",2016,13.6979995905752
"MIDAS-3832",2016,48.9885919116697
"MIDAS-5236",2016,41.162664824898
"MIDAS-5307",2016,23.3147962792969
"MIDAS-5312",2016,0
"MIDAS-5448",2016,27.2141947266699
"MIDAS-5706",2016,34.075428392139
"MIDAS-5780",2016,17.2760953725646
"MIDAS-9685",2016,12.7467398860406
"MIDAS-98",2016,24.9929394219377
"MIDAS-9961",2016,45.3718394543656
"WI-033140",2016,45.3365839295137
"WI-043113",2016,21.4397001718763
"WI-043129",2016,18.8880418902093
"WI-193006",2016,6.73579557627784
"WI-213123",2016,11.0649593611213
"WI-433035",2016,21.3952217624821
"WI-443147",2016,32.8921294495922
"WI-583088",2016,11.6896214784221
"WI-583204",2016,29.954504277435
"WI-593072",2016,4.18537175797785
"WI-643080",2016,4.96366004001899
"WI-643444",2016,35.0336702917648
"WI-653121",2016,13.1145811808502
"WI-653123",2016,33.8767366338733
"WI-653124",2016,34.8369796091047
"WI-653125",2016,52.5901356390598
"WI-663045",2016,23.0626538924747
"WI-663099",2016,29.2493746028856
"WI-683123",2016,6.90145890501354
"WI-683129",2016,34.6459921000212
"WI-683137",2016,11.0866984602351
"WI-683145",2016,8.61917860007073
"WI-683201",2016,18.689344407299
"WI-703014",2016,37.1771976708616
"aba01",2016,25.4947248979015
"aba12",2016,1.61818050246815
"aba14",2016,102.23104254544
"aba19",2016,5.81759771721173
"aba20",2016,3.73213255887662
"aba26",2016,28.4857288406873
"306",2017,0
"315",2017,24.6691444336319
"324",2017,21.0150636177907
"327",2017,16.757914863876
"330",2017,41.8804303795918
"332",2017,45.4999530897248
"336",2017,26.6101079193572
"337",2017,39.5696947000031
"344",2017,21.666818919178
"389",2017,32.4304693956468
"412",2017,4.70176327534561
"MIDAS-103",2017,5.30775490909843
"MIDAS-1802",2017,32.5139173945346
"MIDAS-3130",2017,13.6797821316969
"MIDAS-3132",2017,10.2137491809414
"MIDAS-3134",2017,4.30324326021983
"MIDAS-3201",2017,27.099927300256
"MIDAS-3232",2017,29.0789107092054
"MIDAS-3234",2017,38.008344070897
"MIDAS-3374",2017,7.61107038546849
"MIDAS-3382",2017,29.0286845164401
"MIDAS-3416",2017,51.1003161900633
"MIDAS-3418",2017,27.9373936641137
"MIDAS-3420",2017,24.8932829006493
"MIDAS-3424",2017,41.836880030296
"MIDAS-3448",2017,39.8348293867549
"MIDAS-3452",2017,3.62345180227317
"MIDAS-3454",2017,26.9669259631943
"MIDAS-3734",2017,14.056346484622
"MIDAS-3832",2017,50.7195812714325
"MIDAS-5236",2017,37.4142678311646
"MIDAS-5448",2017,30.4538940188312
"MIDAS-5780",2017,14.6884180729372
"MIDAS-9685",2017,18.0243659699887
"MIDAS-98",2017,32.7457781306919
"WI-043126",2017,1.76759916741738
"WI-043129",2017,29.3623515216602
"WI-163125",2017,41.2049925834121
"WI-213123",2017,22.3046616967548
"WI-443147",2017,42.6015279752224
"WI-573060",2017,25.6474604297718
"WI-583046",2017,37.4609545006309
"WI-583047",2017,43.1587401725961
"WI-583088",2017,23.255338047757
"WI-583204",2017,41.2885337861496
"WI-643080",2017,0
"WI-643466",2017,23.9585358797086
"WI-663053",2017,73.1789245332072
"WI-663105",2017,59.9203444455924
"WI-683129",2017,42.5997488211278
"WI-683145",2017,7.67786382014154
"WI-683201",2017,30.3246415518491
"WI-693034",2017,47.5486349420868
"WI-693121",2017,60.6269058245516
"aba09",2017,0
"aba12",2017,2.85185519005153
"aba14",2017,97.1360823126865
"aba19",2017,5.99481290784088
"aba20",2017,6.85507933366666
"aba35",2017,15.1670633074738
"MIDAS-103",2018,8.4163551136874
"MIDAS-1802",2018,25.0273501351498
"MIDAS-3130",2018,10.5886059915886
"MIDAS-3132",2018,6.76059720868462
"MIDAS-3134",2018,8.76050138546539
"MIDAS-3232",2018,24.4409193679287
"MIDAS-3234",2018,48.352655611908
"MIDAS-3374",2018,10.9570718380933
"MIDAS-3382",2018,9.95556982673699
"MIDAS-3416",2018,70.4440392508615
"MIDAS-3418",2018,38.4256261503037
"MIDAS-3420",2018,28.8595761207462
"MIDAS-3424",2018,47.6840833745205
"MIDAS-3448",2018,34.9603639148162
"MIDAS-3452",2018,2.48795696528267
"MIDAS-3454",2018,24.4283567039975
"MIDAS-3734",2018,17.5033497761206
"MIDAS-3832",2018,58.9220719510894
"MIDAS-5236",2018,40.6546849752469
"MIDAS-5312",2018,0
"MIDAS-5448",2018,26.2590146254649
"MIDAS-5780",2018,19.8772841502648
"MIDAS-9685",2018,17.1624075255021
"MIDAS-98",2018,44.510814952927
"WI-033140",2018,60.3659416476623
"WI-043126",2018,48.80221832492
"WI-213123",2018,14.3241976931028
"WI-213124",2018,20.5409980072741
"WI-213138",2018,23.3334339075894
"WI-443123",2018,51.3007436305915
"WI-443147",2018,40.9277527980099
"WI-443386",2018,24.5191480828746
"WI-563058",2018,33.3736503472681
"WI-583046",2018,32.0433432193343
"WI-583088",2018,27.5288910684197
"WI-583204",2018,39.5203462067279
"WI-643466",2018,34.0351139957349
"WI-653121",2018,6.17970705120664
"WI-653123",2018,26.1834666917681
"WI-653124",2018,30.6818080623859
"WI-673202",2018,75.5621323363239
"WI-683123",2018,7.45416903507183
"WI-683129",2018,32.4993403605978
"WI-683145",2018,7.54332739939651
"WI-683201",2018,8.156608448967
"aba01",2018,43.2973709110029
"aba12",2018,1.62638239360459
"aba14",2018,107.884632234415
"aba20",2018,4.93658024612334
"MIDAS-1674",2019,28.0580666060522
"MIDAS-9931",2019,41.1372045037451
"WI-033140",2019,49.2553380691268
"WI-043126",2019,6.72012614247653
"WI-043129",2019,24.6054286164057
"WI-163125",2019,40.8298982873784
"WI-213123",2019,24.9071767647159
"WI-443386",2019,18.9115546466031
"WI-493131",2019,40.9569567697222
"WI-583047",2019,49.1903991875333
"WI-583088",2019,18.9303883448041
"WI-583204",2019,23.6933680624345
"WI-593072",2019,8.94358902264059
"WI-643080",2019,0
"WI-643239",2019,46.7654809837924
"WI-653124",2019,29.5325357629252
"WI-653125",2019,52.7808708785735
"WI-663053",2019,76.6084737901889
"WI-683201",2019,18.4307186276821
"WI-693034",2019,23.3847763806815
"WI-693121",2019,28.2008866739809
"aba12",2019,1.5597860127008
"aba14",2019,87.7515095528249
"aba19",2019,6.49331580031774
"aba20",2019,6.21982457381488
"MIDAS-1674",2020,32.0708137288715
"WI-033140",2020,45.9351385321853
"WI-043037",2020,39.6154853378932
"WI-043126",2020,28.8536962467935
"WI-043129",2020,27.7468598741214
"WI-073100",2020,7.55349583507524
"WI-163125",2020,41.5444767952735
"WI-213123",2020,18.2811921051025
"WI-433035",2020,29.2879596702636
"WI-443147",2020,35.8596422301454
"WI-443386",2020,24.9276772986671
"WI-493131",2020,39.5294102801781
"WI-563058",2020,26.0122550748867
"WI-583088",2020,11.7173855809137
"WI-583092",2020,23.3166257293222
"WI-583204",2020,29.6395708741043
"WI-593044",2020,17.0890785382689
"WI-643126",2020,24.1785944769336
"WI-643466",2020,23.2539947470035
"WI-653123",2020,26.6643213059061
"WI-663045",2020,77.5233054928132
"WI-683137",2020,11.2109852812779
"WI-693034",2020,47.2865444102437
"WI-043126",2021,11.7531289089698
"WI-043129",2021,26.8579838859998
"WI-213123",2021,30.3534975118048
"WI-443147",2021,46.9112626147294
"WI-583046",2021,38.7727440219412
"WI-583088",2021,33.3104339763286
"WI-583204",2021,31.0511196640692
"WI-593072",2021,8.72543453908526
"WI-643126",2021,32.9339527095164
"WI-643466",2021,21.9639513157659
"WI-653123",2021,25.976476087443
"WI-683129",2021,36.0851970703356
"WI-683137",2021,12.8553437504044
"WI-683201",2021,38.9822016384486
"WI-693034",2021,4.3828020930301
"WI-693121",2021,16.9633469544
"aba31",2021,97.6120934540823
"WI-033140",2022,39.0989442167926
"WI-033185",2022,57.4823726300249
"WI-043126",2022,8.30946305425245
"WI-043129",2022,36.7335547649196
"WI-213123",2022,24.8377167662002
"WI-263160",2022,35.3258975301863
"WI-283123",2022,20.3603913271225
"WI-433035",2022,30.3692990020622
"WI-443147",2022,41.0992688034498
"WI-443264",2022,28.9638820915865
"WI-583088",2022,31.5209275085022
"WI-583204",2022,30.6305171613014
"WI-593072",2022,1.63579635118085
"WI-643126",2022,27.4114251234959
"WI-643466",2022,27.3108551498338
"WI-653121",2022,0
"WI-653123",2022,27.4474413838598
"WI-663045",2022,71.4001901539893
"WI-683201",2022,24.1485936967195
"MIDAS-3232",2008,53.409909214184
"MIDAS-3454",2007,29.9321155387225
"MIDAS-3454",2013,25.0663536555208
"WI-133122",2017,42.4831481493961
"aba01",2014,39.3015739443279
